-- MySQL dump 10.13  Distrib 8.0.22, for Win64 (x86_64)
--
-- Host: localhost    Database: vk
-- ------------------------------------------------------
-- Server version	8.0.22

/*!40101 SET @OLD_CHARACTER_SET_CLIENT=@@CHARACTER_SET_CLIENT */;
/*!40101 SET @OLD_CHARACTER_SET_RESULTS=@@CHARACTER_SET_RESULTS */;
/*!40101 SET @OLD_COLLATION_CONNECTION=@@COLLATION_CONNECTION */;
/*!50503 SET NAMES utf8mb4 */;
/*!40103 SET @OLD_TIME_ZONE=@@TIME_ZONE */;
/*!40103 SET TIME_ZONE='+00:00' */;
/*!40014 SET @OLD_UNIQUE_CHECKS=@@UNIQUE_CHECKS, UNIQUE_CHECKS=0 */;
/*!40014 SET @OLD_FOREIGN_KEY_CHECKS=@@FOREIGN_KEY_CHECKS, FOREIGN_KEY_CHECKS=0 */;
/*!40101 SET @OLD_SQL_MODE=@@SQL_MODE, SQL_MODE='NO_AUTO_VALUE_ON_ZERO' */;
/*!40111 SET @OLD_SQL_NOTES=@@SQL_NOTES, SQL_NOTES=0 */;

--
-- Table structure for table `comments`
--

DROP TABLE IF EXISTS `comments`;
/*!40101 SET @saved_cs_client     = @@character_set_client */;
/*!50503 SET character_set_client = utf8mb4 */;
CREATE TABLE `comments` (
  `id` bigint unsigned NOT NULL AUTO_INCREMENT,
  `user_id` bigint unsigned NOT NULL,
  `post_id` bigint unsigned NOT NULL,
  `comment` text,
  `created_at` datetime DEFAULT CURRENT_TIMESTAMP,
  `updated_at` datetime DEFAULT CURRENT_TIMESTAMP ON UPDATE CURRENT_TIMESTAMP,
  PRIMARY KEY (`id`),
  UNIQUE KEY `id` (`id`),
  KEY `user_id` (`user_id`),
  KEY `post_id` (`post_id`),
  CONSTRAINT `comments_ibfk_1` FOREIGN KEY (`user_id`) REFERENCES `users` (`id`),
  CONSTRAINT `comments_ibfk_2` FOREIGN KEY (`post_id`) REFERENCES `posts` (`id`)
) ENGINE=InnoDB AUTO_INCREMENT=101 DEFAULT CHARSET=utf8mb4 COLLATE=utf8mb4_0900_ai_ci;
/*!40101 SET character_set_client = @saved_cs_client */;

--
-- Dumping data for table `comments`
--

LOCK TABLES `comments` WRITE;
/*!40000 ALTER TABLE `comments` DISABLE KEYS */;
INSERT INTO `comments` VALUES (1,66,45,'Aut modi vero tempora quae. Fugit tenetur tempore velit doloribus sit ducimus eius. Quidem sed amet culpa voluptate neque eos expedita nesciunt.','1983-05-26 02:19:20','1997-08-27 06:01:46'),(2,56,39,'Voluptatem dignissimos numquam ducimus adipisci maiores at nihil animi. Rerum harum culpa ut. Ex expedita ab repudiandae ipsa at consectetur mollitia.','2012-06-03 16:42:37','1998-06-20 13:55:19'),(3,68,9,'Non hic non quia aspernatur commodi. Veritatis voluptatem adipisci magni et magni quam doloremque. Dolorem voluptatibus eveniet quidem non nihil. Non vel maxime similique aut ut quibusdam qui quibusdam.','1976-03-17 10:16:54','1971-03-13 19:31:32'),(4,80,30,'Natus ut asperiores porro quidem. Id qui et ea totam fugit mollitia est. Officiis provident dolorem repellat ut dolores qui saepe.\nAutem qui ut ab voluptatem tempore voluptate. Nihil natus quam rerum consequatur cupiditate voluptates. Ut voluptates in porro ut soluta dolor inventore.','1974-10-06 13:22:55','1971-10-29 18:12:34'),(5,17,61,'Ratione distinctio consectetur consectetur suscipit numquam numquam. Repellat molestias sunt ducimus quia. Vel ut ducimus error quia ab. Officiis molestias voluptatem numquam harum consequuntur fugiat perspiciatis.','2010-12-02 20:19:36','1986-01-05 18:54:51'),(6,92,99,'Cum inventore facilis est ea dicta dolorum. Et dolor magni qui ut.\nFugiat velit ipsa voluptas dolorem dolorum aut laboriosam. Ducimus temporibus ullam qui nemo ipsam laboriosam. Quos animi illum maiores. Tenetur omnis et commodi eos nobis.','2019-06-30 03:57:02','1970-05-19 08:07:19'),(7,47,85,'Ut sit incidunt officiis ex ullam. Odit provident consequatur blanditiis aut ut velit. Aliquid aut aut tenetur molestiae vel. Molestiae et deserunt libero impedit possimus voluptatem magni.','1986-01-11 11:53:04','2011-10-21 21:05:43'),(8,53,78,'Impedit facere voluptatem est ab. Ea nulla ea consectetur neque quia nemo. Ratione doloribus omnis libero.\nConsequatur eos natus excepturi suscipit. Odit facere fugiat ut necessitatibus distinctio. Dolorem sunt soluta in autem eveniet voluptas et dolorem.','2011-01-15 11:47:39','2003-01-12 05:42:18'),(9,30,48,'Eos ipsum ut atque est sequi et. Voluptatem quo voluptate deleniti enim voluptatem cum. Autem eum aliquid dolor vitae. Dolores aliquid aut sint tenetur ad dolore.','1970-04-26 01:07:33','2000-04-06 03:07:56'),(10,48,70,'Quae et laborum voluptatem maiores cumque. Sit iusto voluptas sed non aliquam nam. Non occaecati adipisci numquam consectetur.','2012-09-13 05:33:50','1986-08-14 08:25:44'),(11,1,85,'Quae aut sed rerum sit. Quibusdam sit et aliquid veritatis repellat perferendis sit. Ratione mollitia sed est aut.','1995-06-18 22:54:34','1975-06-12 15:06:28'),(12,98,38,'Nostrum enim neque ea. Distinctio nostrum sequi sit voluptatibus at nemo officia autem. Velit quas eius est facilis. Voluptatem vel id aut et dolores. Et quod iure fuga.\nEst tempore aliquid cum et. Perferendis distinctio omnis illo consequatur.','1981-09-26 18:16:42','1972-04-04 04:50:58'),(13,18,56,'Ut quia ducimus harum eum nemo et. Velit a quaerat perferendis enim consequuntur repellat eaque eveniet. Omnis repellat ut et.','1995-09-13 19:18:29','1973-10-11 08:49:35'),(14,46,79,'Eveniet voluptatem voluptas enim voluptatem. Earum cupiditate tempora maiores excepturi. Vero cum soluta dignissimos officia sed.','1983-04-15 20:10:23','2016-04-07 10:15:49'),(15,89,74,'Porro ipsa optio tempore rerum consequatur unde. Qui dignissimos illum est. Earum doloremque tempore ut qui et et. In nobis voluptatem sed autem suscipit nobis.\nIure earum dolores quibusdam dolorum excepturi. Vero nesciunt sint atque officiis. Dolore fugit illo odit aut qui est est.','1998-10-31 21:24:44','1973-08-23 08:56:41'),(16,98,54,'Possimus ut ut aut voluptas. Eaque et ratione magni cumque non. Minus at tempore veritatis est voluptas ut. Dolore eius fugit veritatis.','1995-06-18 00:17:30','1975-08-12 09:47:11'),(17,19,54,'Exercitationem unde sunt reiciendis adipisci. Nemo molestiae eveniet rerum debitis corrupti modi laborum. Velit qui quia nostrum illum ipsum omnis. Nemo repellat et dolor ipsam sed necessitatibus voluptatem.','1992-12-26 17:05:53','1973-06-21 08:51:37'),(18,93,87,'Ad sunt in voluptatem. Facere ea delectus et. Explicabo corporis atque quibusdam voluptatem nam unde.','1992-03-21 18:26:00','1995-07-24 00:15:25'),(19,62,72,'Ut aperiam itaque fuga omnis enim id quis. Eum doloremque et aut dolorem. Voluptatibus ad cumque qui minima.\nAd ipsum sint reiciendis nam. In voluptatem fuga ex est.\nNon vero enim illum ratione dolor voluptatem. Labore ut deserunt ut ut sint. Aut ratione nobis aliquid.','1981-05-14 14:06:13','2009-04-21 11:04:07'),(20,16,79,'Vero necessitatibus voluptates alias velit. Neque minima ipsam non quis nam ut fugit.\nMinima est laudantium qui vel atque delectus nobis. Est et doloribus ex eos. Quos quibusdam quo ut illum.','1985-04-21 22:13:31','1987-10-02 03:55:12'),(21,33,7,'Commodi ut incidunt quis voluptatem perferendis ad cum. Dolore qui earum asperiores veritatis. Nostrum voluptatem quibusdam ratione reiciendis et. Nam qui culpa doloribus quod.','1983-09-23 09:51:33','1998-09-13 05:19:38'),(22,77,79,'Dolorum modi consequuntur dolorum. Temporibus aspernatur id sed repellat qui. Quos iste quo fugiat asperiores rerum explicabo.\nVoluptas quae eaque aut natus. Commodi soluta repellendus unde. Illum eveniet molestiae quia voluptas ad iusto minima.','2015-06-02 03:12:27','2008-09-01 16:45:18'),(23,91,30,'Voluptatem earum officiis rem perspiciatis. Et veniam expedita distinctio eveniet a. Nostrum illum iusto doloremque suscipit qui. Quia nobis odit enim autem.\nNon sunt cupiditate sed illum reiciendis. Voluptatem quia sit illum. Omnis qui incidunt ex blanditiis molestiae.','1980-11-15 08:25:07','1973-07-24 15:15:06'),(24,56,21,'Voluptas eligendi provident consectetur sed debitis. Eos fugit quia distinctio eum voluptatum animi. Maiores nisi omnis nam ut inventore dolorem laboriosam. Qui dolorum eum deserunt rem quos officiis. Et quas tempore autem facilis ut illo.','1989-05-30 16:02:17','2000-01-22 18:04:41'),(25,77,4,'Dolore provident maiores pariatur autem. Eveniet sunt cum mollitia quidem eveniet. Est unde facilis numquam molestias sit.\nQuasi eos sunt itaque voluptatem et id maxime. Sit voluptatem et provident corporis ipsam non quas. Ipsa vel voluptas quibusdam labore iste.','2010-06-25 16:48:28','1973-05-25 20:20:41'),(26,90,78,'Quo ipsa quo unde accusantium earum blanditiis. Non aut in recusandae dolor non. Minus et dolorem aut dolore ut magni. Adipisci molestias eaque sit ex dolore odio aut.','2018-12-16 08:03:28','1997-11-28 12:27:45'),(27,88,88,'Sunt optio beatae saepe temporibus minus nobis. Quas maiores quia eligendi et ea doloremque ipsum. Sed iure iure non rerum sint recusandae soluta. Sint officia numquam recusandae unde vel excepturi labore.','1997-09-13 13:53:46','2009-12-08 06:42:57'),(28,15,6,'Corrupti quis saepe maiores repellendus eum. Numquam est dolores nisi vel. Porro eaque sint fuga deleniti blanditiis eius inventore.','1989-02-08 15:37:06','2002-10-12 23:51:13'),(29,44,60,'Dolore dolor provident dolores. Minus consectetur in quia voluptas ducimus perspiciatis. Autem repellat cupiditate placeat sint a. Modi quos eos ab nihil ut.','2009-05-03 08:14:37','1988-08-03 14:49:07'),(30,85,32,'Impedit sit dolor minus occaecati quo minima a. Asperiores qui molestiae vitae quia qui. Et cum autem vel autem doloribus. Est quidem a laudantium voluptatibus provident.','1980-11-05 03:29:30','2011-01-15 08:35:29'),(31,34,82,'Culpa ut est ea minima explicabo. Sit hic quia voluptates dolorem aut facere praesentium. Labore iusto non reprehenderit qui. Provident eius ut nulla voluptas impedit.','2000-02-17 12:06:31','2005-08-27 13:22:17'),(32,86,52,'Pariatur aut aut vero blanditiis quo. Minima ex autem delectus. Aut explicabo dolorum nobis delectus est fugit. Animi blanditiis maiores maxime consequatur ab quas saepe.','2014-05-24 06:22:01','2013-09-11 15:27:19'),(33,36,78,'Debitis aut sunt beatae deserunt ea aut. Explicabo est blanditiis voluptas rem. Enim quibusdam at itaque delectus enim. Facere reiciendis dolorum optio nihil repellat laborum.','1996-10-05 07:58:02','2017-09-21 09:57:16'),(34,38,97,'Corrupti autem voluptatem eaque voluptatem sint deserunt. Quia quos tempora illum repellendus animi voluptatum ut.\nSequi magni amet qui laborum commodi consequuntur in. Omnis qui natus rerum quis quidem iusto quis. Harum eveniet et nihil et esse dolorem.','1980-06-11 11:00:01','1989-03-11 20:14:35'),(35,50,54,'Consequatur et aliquam sint nemo maxime. Sunt aliquid veniam inventore sint assumenda. Blanditiis cumque saepe pariatur ut autem.\nDoloremque ex dolores qui eum voluptas non. Sed quibusdam quo ea consequatur similique sunt aliquid. Autem occaecati quia cupiditate fugit.','2018-11-17 05:00:29','2013-07-24 00:21:07'),(36,76,82,'Illum illo rerum occaecati harum aut illo animi. Nemo suscipit et et in quae. Id quis quis ipsam et. Maxime dolores sit eius veniam delectus.','1972-06-06 05:46:33','1995-05-07 15:45:45'),(37,61,52,'Praesentium et numquam aut velit odit maxime dolorem. Optio aliquam eum reiciendis sint omnis. Quia voluptatibus consectetur doloremque nulla a est.','2018-11-02 02:31:58','2011-08-05 11:22:57'),(38,61,52,'Est explicabo numquam omnis et. Repellendus aliquam eligendi est vero consequatur autem. Quo nulla occaecati quo id eos ullam. Quia nesciunt eius consequatur.\nMinima velit dolores illo aperiam consequatur. Quis vitae tempora asperiores adipisci voluptas. Sed cumque quae velit.','1999-10-24 23:44:20','2010-07-13 23:07:28'),(39,81,17,'Voluptates voluptatibus asperiores et voluptatem est odio. Ratione exercitationem eum voluptatibus ratione magni. Harum incidunt optio fugiat molestias corporis ad sequi.','1986-10-08 01:50:07','1980-08-11 17:43:22'),(40,72,58,'Debitis rerum fuga et ut. Omnis ea nihil et quae debitis quos iste. Id quas et dolores ea est omnis enim. Non officia voluptas quisquam consequatur id aut et.','2013-08-03 01:29:59','2007-01-23 02:43:13'),(41,20,61,'Ut officiis rem aut rerum aliquam voluptates illo. Et modi quis iste laborum et omnis autem. Sed vel tenetur voluptas voluptatem aut quasi rerum cum.\nQui eius ipsa dolorem dolores est cum necessitatibus modi. Amet ut sit suscipit quae. Tempora quae et quidem repellendus in fuga ut.','1989-04-20 03:27:07','2010-05-26 13:40:03'),(42,35,8,'Et dolorem aperiam placeat molestiae. Aut est quibusdam explicabo quisquam iure et dolorem.\nAccusamus odit aut laboriosam doloribus quaerat omnis qui. Id ullam sit voluptate odio nisi quod. Voluptas et ipsa ducimus quia aliquam. Iste dolor nulla inventore in delectus tempore.','2009-10-21 06:30:10','2007-05-16 08:36:10'),(43,48,50,'Ut perferendis necessitatibus doloribus quia aperiam unde aut. Molestiae quibusdam alias quae quo ipsum iure. Qui minima in accusamus exercitationem. Atque excepturi illo sequi nam.','2003-02-05 09:26:42','1980-02-02 07:12:55'),(44,14,91,'Nihil molestias voluptas dolorum eum quasi. Ratione earum fuga sed et. Sed quos error dignissimos nihil qui sapiente aperiam.','1985-03-25 13:48:57','2010-11-06 12:56:58'),(45,10,98,'Aut ipsam magnam pariatur libero totam nobis voluptatem qui. Ut qui earum atque culpa asperiores aspernatur. Eum dolorem iure blanditiis vel illo in. Nam est ab quo maiores deleniti.','1978-12-07 19:32:09','1983-07-17 06:24:29'),(46,23,43,'Repellat vel eius eius. Non optio ipsum sunt quod magnam odit voluptatem. Sit sit quae qui.\nEos sint voluptate optio est unde. Et earum sunt repellendus illo. Necessitatibus laudantium a aut consequatur aut ut.','2004-08-26 05:13:14','1979-12-31 13:26:24'),(47,80,8,'Voluptas repellendus aut optio delectus molestias ut eligendi vel. Eveniet ad sunt cum id aut labore. Sit reiciendis sed esse possimus velit ipsam explicabo et.','1984-02-07 02:25:48','1980-11-04 11:27:58'),(48,95,15,'Sed qui qui aut. Possimus exercitationem aliquid delectus molestiae sed. Veritatis quia ipsa illum omnis ipsum illum pariatur.\nDelectus est recusandae et odio. Eos quisquam quibusdam nihil. Est eveniet expedita molestiae cumque. Iure dolor non hic eligendi aut ex ut.','2000-09-07 15:44:17','1987-04-08 21:45:24'),(49,86,33,'Maiores eum eum et excepturi sunt id. Maxime id nihil inventore et repellat saepe. Sed eveniet nemo quis aspernatur maiores sed.','1994-02-01 18:12:16','2013-10-10 10:54:03'),(50,12,36,'Iure occaecati atque illum sit. Nostrum deleniti qui perspiciatis quas sit voluptas. Inventore quia deleniti iure officia. Ipsum in laborum provident accusamus repellat ut dolores.','2014-03-28 04:52:45','1971-11-03 11:05:01'),(51,86,87,'Quisquam ab nulla minima rem odit ex quisquam hic. Praesentium blanditiis ipsam magnam aspernatur aliquid fuga non.\nSimilique maxime dolore illo quidem dicta aperiam. Accusamus natus aut cumque est et. Laboriosam accusamus excepturi et et. Ullam nesciunt rerum minus quis necessitatibus velit.','2000-04-08 00:43:22','1977-12-06 02:08:09'),(52,18,46,'Voluptatibus hic illum in tenetur. Molestias et voluptatibus ipsa consequatur laborum molestias eos.\nConsequatur nemo est est distinctio. Est quo odio molestiae vitae commodi sint eos. Voluptate omnis sapiente ut accusantium. Reiciendis quisquam sed quisquam beatae.','1989-08-13 23:54:41','1983-12-07 06:06:16'),(53,39,78,'Maxime alias qui odio sed. Qui voluptatem repudiandae occaecati quia minima et.\nIllo nisi quia commodi magnam ipsa. Rerum animi natus reiciendis aut. Accusamus aut molestiae pariatur cumque. Vel cupiditate delectus molestiae repellat atque asperiores minus.','2004-03-29 01:11:07','1988-10-11 08:48:29'),(54,98,19,'Ex qui magni ipsum magnam minima eius. Deserunt qui architecto rerum consectetur nulla enim. Iste aperiam delectus nisi repellat. Vel veritatis qui nobis facere debitis culpa.','2015-12-19 10:21:41','1976-06-14 16:52:07'),(55,95,69,'Quasi molestiae voluptas id omnis. Quis eius non excepturi odit. Sunt totam aut corrupti amet eius dolorum aut. Exercitationem excepturi in veritatis qui est excepturi mollitia.','1977-05-13 15:42:08','1985-06-17 19:30:47'),(56,76,14,'Eius delectus nostrum numquam molestiae tempora neque nulla. Et corrupti nam consequuntur cum. Et atque adipisci incidunt nisi dicta.\nAccusantium iure architecto voluptas dicta dolores qui. Dolorum dolorem qui in commodi eligendi ullam. Maiores aut blanditiis modi ut deleniti et qui illum.','1999-02-10 05:05:37','1989-07-17 08:01:08'),(57,29,11,'Omnis et quia atque quis adipisci. Est dolorum vel similique id. Dignissimos id ut aut illum aut sit.\nVoluptas iusto tempore rerum et aperiam porro odit. Enim recusandae quis sed debitis cumque alias. Harum fugiat natus aut sit ut. Similique quis et sed ea odio rerum sed.','1970-12-03 06:01:37','1971-06-17 11:36:26'),(58,22,77,'Consectetur delectus accusamus ut delectus et ut occaecati. Aliquam facere consequatur corporis illo.\nEt nemo dolorem voluptatem ea aut tempore architecto consequatur. Similique autem mollitia fuga magnam vero quae.','2004-01-07 10:00:09','1984-07-03 06:54:43'),(59,60,36,'Animi asperiores exercitationem ut et. Qui harum esse quia dolor. Et nam quam nesciunt quae. Possimus voluptatem tenetur consectetur natus omnis voluptatum fugit vitae.\nDolorem nobis expedita est soluta et eos eum. Molestiae earum quod suscipit qui ea eaque.','1975-04-08 22:51:21','1993-12-27 20:01:20'),(60,68,69,'Dicta corporis fugiat suscipit voluptatum vel laborum non. Impedit doloribus laborum eligendi sed eos repellendus et. Fuga velit odio alias quia enim sit laboriosam.','1981-01-08 00:07:04','1988-06-23 11:31:18'),(61,33,90,'Quidem id quos exercitationem corrupti. Iure quia autem facilis.\nEst et necessitatibus cupiditate ex excepturi. Amet iste error repellat atque ipsum sapiente praesentium. Deserunt sequi accusantium debitis provident numquam deleniti maxime. Nesciunt quod et recusandae eveniet vel.','2004-06-25 05:18:44','1993-03-31 20:09:11'),(62,11,13,'Blanditiis aspernatur sint repudiandae ut consequuntur sed. Dolorem mollitia aut perferendis dolorum. Ut architecto ea et ut deserunt et.','2006-11-05 03:44:57','1998-12-05 07:47:57'),(63,98,6,'Sunt doloremque assumenda neque quae. Praesentium asperiores magnam illum dolore quibusdam velit culpa laborum.','2004-02-20 22:28:17','1998-01-01 06:24:50'),(64,28,84,'Suscipit et eum suscipit non. Praesentium nam quas sed et velit reprehenderit nam natus. Soluta totam voluptas iusto omnis necessitatibus eligendi voluptas.','1978-01-30 06:36:03','1992-12-15 00:13:06'),(65,38,39,'Et magni nihil vero. Ut veniam sint qui atque. Dolore placeat provident nemo labore voluptatum saepe excepturi.','2003-12-10 17:01:19','1979-07-13 04:33:38'),(66,19,23,'Porro a odit nostrum modi labore deserunt. Rerum dolor consequuntur nihil ullam fuga corrupti. Consequatur deserunt illum nihil hic quia eum. Dignissimos vitae est fuga et ad.','1992-02-17 08:48:38','2005-12-20 20:51:08'),(67,26,36,'Numquam impedit neque qui vel possimus. Occaecati necessitatibus voluptatem sit debitis. Eum occaecati sit qui error qui necessitatibus.','2012-01-31 01:04:28','2000-06-21 07:18:40'),(68,69,64,'Est aut adipisci aliquam odio quia. Inventore velit iure numquam enim voluptas perferendis consequatur. Eum rerum ut alias dolorum consequatur eius. Quia debitis cupiditate a voluptas.','1999-01-12 14:58:17','2002-09-30 07:24:15'),(69,14,66,'Nulla tempore dolores ut numquam. Est adipisci et reiciendis porro omnis molestiae. Explicabo voluptatem omnis odio voluptates ratione praesentium facilis quo. Sequi sit quidem dignissimos molestiae qui fuga quod.','1980-12-17 16:14:53','2018-11-20 13:28:06'),(70,82,8,'Laudantium adipisci eos qui nihil at expedita sint. Et amet occaecati non recusandae. Sunt quis aliquam modi explicabo necessitatibus.','2005-06-19 04:35:09','1993-09-18 20:28:55'),(71,34,58,'In tempore rerum fuga harum tenetur repellat. Dolor qui ipsum omnis. Maiores non corporis aut optio veniam quibusdam in.','2009-04-13 13:46:06','2019-04-15 06:21:44'),(72,22,63,'Ut aut dolore aut harum non tempora est. Quidem nihil praesentium repellat et est et numquam. Laboriosam et sunt possimus quia id id. Iure non vel maiores quis qui illum blanditiis.','2012-01-17 12:36:08','1987-06-24 08:33:25'),(73,68,44,'Expedita maiores molestiae provident ratione tempora ex rerum molestiae. Eaque velit facilis quaerat recusandae eum voluptate quia. Eos itaque nulla qui excepturi aut laboriosam. Pariatur amet iste voluptatem aut quos.','1994-01-07 15:25:33','1984-11-12 19:37:48'),(74,40,27,'Maiores earum libero similique dolorem dolor earum molestiae. Rem itaque dolor assumenda et. Commodi est natus corporis rerum.','1983-05-15 06:10:58','1995-05-16 01:26:43'),(75,79,7,'Aliquam placeat consequatur velit laboriosam vero dolorum maiores quae. Quam quis facere quis est. Et cum aut expedita saepe enim molestias corrupti.','2018-03-06 19:47:21','2013-03-04 18:31:49'),(76,96,11,'Labore iste quo voluptatibus quasi non incidunt quisquam quia. Occaecati neque sed voluptas ut minima praesentium ratione. Quo dolore reiciendis est blanditiis voluptas voluptatem temporibus. Optio molestiae velit voluptatibus est.','1972-02-03 23:12:15','1972-08-13 02:35:36'),(77,97,7,'Neque officiis recusandae quasi enim in voluptatem. Reiciendis pariatur dolore sed porro nihil. Maiores quam quia quibusdam.','2013-02-24 19:05:32','1977-02-28 03:39:30'),(78,24,94,'Aut quasi quaerat quidem ut dolorem ea. Est recusandae eos perferendis facere aut. Rem ducimus facere eos tempora sint quod. Vero unde minima tenetur ab quas cupiditate.\nAt iusto aut veritatis expedita ipsa. Vitae quas qui similique dolores aspernatur. Rem ab voluptas illo fuga dolor assumenda.','1999-11-16 22:18:44','2007-11-05 00:29:02'),(79,12,51,'Non qui dolorem nihil perspiciatis aperiam ut. Animi consequuntur placeat nesciunt voluptate hic. Praesentium laborum eum dolorem omnis magnam. Iusto asperiores rerum quas ratione porro labore earum quae. Labore ducimus illum beatae eum eius ducimus modi.','2010-07-08 14:59:15','2002-11-12 03:28:51'),(80,77,49,'Eum qui et error dicta temporibus eos officiis. Totam facilis et qui aut eaque dolores. Voluptas dolores accusantium et distinctio distinctio non.\nNihil architecto perspiciatis ab expedita quos reiciendis. Ut natus quos provident reiciendis voluptas.','1994-04-22 10:57:24','2006-05-20 16:14:52'),(81,90,96,'Qui vitae tenetur et distinctio magni. Qui sed reiciendis debitis consequatur eius aliquam. Similique et occaecati alias ut. Cumque neque blanditiis iste voluptatem et.','1980-12-16 23:37:36','1990-01-02 03:59:23'),(82,72,15,'Maiores facilis error molestiae nihil voluptatibus rerum mollitia. Accusamus dolorem velit qui maxime. Itaque veritatis in minus temporibus dolorem velit. Minima enim itaque amet quasi fuga porro.','1973-09-23 20:17:08','2006-09-15 13:30:27'),(83,32,40,'Est blanditiis tempora voluptas quis possimus quaerat dignissimos. Vel magni dolorem accusamus alias ipsa ex dolorum. Cum possimus aliquam enim molestias rerum. Culpa aliquid modi sint vitae accusantium blanditiis. Quis quia amet et quia sunt.','1978-05-15 14:05:02','1989-10-12 22:16:46'),(84,79,45,'Eveniet ullam ipsum veritatis totam nihil quae vel tempora. Non aliquid qui qui et autem et asperiores. Est magni sunt iste fugiat dignissimos a id reprehenderit. Vitae enim consequatur eligendi quae enim quisquam.','1993-04-05 12:26:30','2019-07-11 03:38:41'),(85,6,60,'Ea fugiat voluptas illum vel consequatur sed. Placeat expedita et quis et minima aut eius. Et animi sit voluptatem nemo. Magni culpa sit et earum expedita asperiores.','1987-02-17 12:04:20','2018-10-23 00:22:48'),(86,53,40,'Qui dolores non et voluptate et. Nam soluta magni voluptas voluptatibus neque ullam non quasi. Magnam impedit hic illo tenetur explicabo.\nFugiat sint consequatur quod id. Quis et similique ut at. Ducimus voluptatem accusantium enim iure facilis eius molestiae omnis.','2016-06-02 19:49:08','2014-04-04 01:31:53'),(87,18,75,'Facilis et minus blanditiis est omnis tenetur iste consequatur. Totam veniam eveniet eum vel. Quidem quis optio quos adipisci et nisi.','1975-01-09 00:10:40','1995-09-05 00:18:03'),(88,3,85,'Repellendus amet et rerum dolor ut molestiae non. Provident voluptatem non ipsa ea consequatur numquam. Maiores ex placeat eum porro porro.','2004-03-01 08:09:01','1971-11-09 12:08:10'),(89,18,42,'Illo aut eaque consequuntur nemo voluptates reprehenderit voluptate non. Reiciendis quidem perspiciatis voluptas exercitationem harum qui cupiditate. Dolorum minima accusamus quo ea. Aut sit accusamus vel. Tenetur placeat ut et quasi.','1973-08-23 04:37:45','1994-03-19 21:07:25'),(90,12,96,'Quis ab impedit a ut qui. Officiis quia libero ea et.\nAut nihil voluptatem dolores iusto omnis ab. Accusamus ad impedit placeat sapiente et repellat quisquam. Culpa aut laboriosam possimus recusandae facere natus.','1996-11-20 20:24:26','2010-01-20 17:36:40'),(91,48,7,'Asperiores sunt corporis fuga. Totam corrupti beatae earum non. Ut beatae inventore iure. Cumque voluptate qui id iusto cumque.','2018-10-03 17:26:33','1971-01-01 07:20:39'),(92,7,45,'Beatae eum nostrum culpa similique numquam sed tempora. Ipsum vitae alias facere sint incidunt et corporis facere. Quam est ea quam voluptas porro dolores ea. Quisquam tempora eos illum saepe.','2008-04-19 10:11:58','2006-07-31 23:38:44'),(93,13,30,'Nostrum molestiae quia esse nihil sint. Et voluptates rem sit. Non voluptate veritatis neque dolorum.\nFuga et minus nulla laudantium at quia. Pariatur illum eius officia.','2002-10-28 09:28:51','2019-01-07 19:15:37'),(94,39,24,'Inventore ut libero et consequuntur recusandae dolor. Ullam voluptatem ipsam ullam qui quis tempora. Omnis labore et illo repellendus qui earum.\nIpsum perspiciatis ea tempore at deleniti est adipisci. Corrupti vel ut aliquam totam. Eos doloribus ducimus voluptates deleniti libero eius.','1994-03-05 10:50:24','1993-07-25 00:06:12'),(95,81,16,'Eaque delectus quas voluptates accusantium saepe sunt quia. Quod quia vel est esse. Voluptatem numquam culpa repellendus facilis iste fugit. Dolorum magnam dignissimos sapiente perspiciatis. Error cumque ut autem et tempore ut distinctio.','2006-08-18 23:56:25','1997-05-07 18:44:06'),(96,73,70,'Dolorem placeat ea a iste voluptate non qui dicta. Quisquam et qui nostrum incidunt voluptas. Quis cum exercitationem sunt id.\nVoluptas rerum dolor dolores nostrum ipsum non vel. Ipsum ullam perspiciatis illo ullam.','2013-11-03 03:05:52','2002-04-26 20:43:29'),(97,11,44,'Aut esse maxime recusandae. Molestiae est autem non quam animi ut voluptas. Accusamus impedit molestias magnam fugit laborum dolorem aperiam. Labore beatae eum non sapiente non nihil ea id.','1983-03-31 17:26:35','1971-09-22 07:41:07'),(98,84,42,'Neque incidunt dignissimos perferendis vel laudantium nemo incidunt. Sunt unde delectus est non numquam itaque qui est. Laudantium facilis exercitationem voluptatum quo expedita sed.','1977-12-17 20:35:49','1979-11-28 00:36:38'),(99,84,62,'Exercitationem ea molestias et id ex inventore et. Nihil adipisci doloremque commodi explicabo neque occaecati odio. Soluta minus vel odio nulla est.\nSapiente consequatur id delectus cupiditate quisquam. Cum non quasi repellendus aut voluptate magnam illum. Ex quae qui eaque corrupti.','2011-01-17 01:21:44','1977-09-14 11:13:55'),(100,87,90,'Cupiditate aliquam natus voluptas laudantium fugiat. Rerum ut voluptates qui aliquam. Non veniam illum aliquid neque est officia dicta. Laborum sit omnis in ut dolorum voluptatem.\nTempore distinctio consequatur quia voluptas. Optio voluptas totam eius nesciunt et laboriosam.','1982-01-18 11:17:38','1996-05-04 10:37:05');
/*!40000 ALTER TABLE `comments` ENABLE KEYS */;
UNLOCK TABLES;

--
-- Table structure for table `communities`
--

DROP TABLE IF EXISTS `communities`;
/*!40101 SET @saved_cs_client     = @@character_set_client */;
/*!50503 SET character_set_client = utf8mb4 */;
CREATE TABLE `communities` (
  `id` bigint unsigned NOT NULL AUTO_INCREMENT,
  `name` varchar(150) DEFAULT NULL,
  PRIMARY KEY (`id`),
  UNIQUE KEY `id` (`id`),
  UNIQUE KEY `name` (`name`),
  KEY `name_2` (`name`)
) ENGINE=InnoDB AUTO_INCREMENT=101 DEFAULT CHARSET=utf8mb4 COLLATE=utf8mb4_0900_ai_ci;
/*!40101 SET character_set_client = @saved_cs_client */;

--
-- Dumping data for table `communities`
--

LOCK TABLES `communities` WRITE;
/*!40000 ALTER TABLE `communities` DISABLE KEYS */;
INSERT INTO `communities` VALUES (95,'a'),(97,'accusamus'),(37,'accusantium'),(85,'adipisci'),(84,'alias'),(78,'architecto'),(94,'asperiores'),(93,'aspernatur'),(29,'at'),(21,'atque'),(9,'aut'),(65,'autem'),(75,'blanditiis'),(73,'commodi'),(90,'consectetur'),(25,'consequatur'),(2,'consequuntur'),(55,'delectus'),(1,'deserunt'),(87,'dicta'),(41,'dignissimos'),(3,'dolor'),(52,'doloremque'),(23,'dolorum'),(19,'ducimus'),(67,'eius'),(27,'eos'),(10,'error'),(30,'esse'),(31,'est'),(44,'et'),(100,'eveniet'),(63,'excepturi'),(32,'explicabo'),(22,'facere'),(74,'fuga'),(20,'fugit'),(33,'hic'),(11,'id'),(13,'illo'),(38,'impedit'),(96,'in'),(58,'incidunt'),(35,'inventore'),(53,'ipsa'),(88,'iure'),(70,'iusto'),(16,'laudantium'),(80,'libero'),(6,'magnam'),(15,'magni'),(50,'maiores'),(62,'molestiae'),(26,'molestias'),(34,'mollitia'),(92,'nam'),(59,'necessitatibus'),(82,'neque'),(76,'nesciunt'),(36,'nisi'),(45,'non'),(66,'occaecati'),(77,'odit'),(8,'officiis'),(51,'omnis'),(40,'optio'),(71,'pariatur'),(7,'placeat'),(60,'porro'),(43,'possimus'),(56,'provident'),(83,'quaerat'),(4,'quam'),(39,'qui'),(47,'quia'),(91,'quis'),(72,'quo'),(64,'quos'),(46,'reiciendis'),(57,'repellat'),(5,'repudiandae'),(79,'rerum'),(48,'sapiente'),(24,'sed'),(69,'similique'),(12,'sint'),(14,'sit'),(28,'sunt'),(99,'suscipit'),(54,'tempora'),(42,'temporibus'),(86,'tenetur'),(89,'totam'),(68,'unde'),(18,'ut'),(61,'vel'),(98,'voluptate'),(17,'voluptatem'),(81,'voluptates'),(49,'voluptatibus');
/*!40000 ALTER TABLE `communities` ENABLE KEYS */;
UNLOCK TABLES;

--
-- Table structure for table `friend_requests`
--

DROP TABLE IF EXISTS `friend_requests`;
/*!40101 SET @saved_cs_client     = @@character_set_client */;
/*!50503 SET character_set_client = utf8mb4 */;
CREATE TABLE `friend_requests` (
  `initiator_user_id` bigint unsigned NOT NULL,
  `target_user_id` bigint unsigned NOT NULL,
  `status` enum('requested','approved','unfriended','declined') DEFAULT NULL,
  `requested_at` datetime DEFAULT CURRENT_TIMESTAMP,
  `confirmed_at` datetime DEFAULT CURRENT_TIMESTAMP ON UPDATE CURRENT_TIMESTAMP,
  PRIMARY KEY (`initiator_user_id`,`target_user_id`),
  KEY `initiator_user_id` (`initiator_user_id`),
  KEY `target_user_id` (`target_user_id`),
  CONSTRAINT `friend_requests_ibfk_1` FOREIGN KEY (`initiator_user_id`) REFERENCES `users` (`id`),
  CONSTRAINT `friend_requests_ibfk_2` FOREIGN KEY (`target_user_id`) REFERENCES `users` (`id`)
) ENGINE=InnoDB DEFAULT CHARSET=utf8mb4 COLLATE=utf8mb4_0900_ai_ci;
/*!40101 SET character_set_client = @saved_cs_client */;

--
-- Dumping data for table `friend_requests`
--

LOCK TABLES `friend_requests` WRITE;
/*!40000 ALTER TABLE `friend_requests` DISABLE KEYS */;
INSERT INTO `friend_requests` VALUES (1,12,'requested','1997-11-22 06:25:10','2000-10-01 01:43:32'),(1,79,'requested','1990-10-23 06:23:38','1986-04-05 20:58:07'),(2,24,'approved','2016-05-20 02:45:55','1998-09-06 02:51:04'),(4,53,'declined','1983-04-11 22:48:46','1976-07-28 17:36:56'),(4,99,'unfriended','2014-04-06 21:08:14','1981-10-31 11:54:15'),(8,91,'unfriended','2011-01-31 07:18:51','1972-08-31 14:18:09'),(9,76,'unfriended','2015-05-31 01:40:33','2009-12-22 11:31:57'),(10,10,'requested','1986-01-28 20:36:29','2013-07-20 02:25:39'),(10,87,'approved','1971-12-12 08:56:24','2016-08-24 09:08:28'),(11,65,'requested','2020-01-31 09:39:00','1997-07-13 21:05:55'),(11,69,'approved','1982-11-20 21:01:16','1973-09-16 16:03:07'),(13,39,'declined','1977-08-20 19:06:27','2015-05-05 22:33:38'),(15,56,'unfriended','2017-09-21 08:46:31','1999-05-23 18:33:29'),(18,59,'declined','1998-04-15 00:34:55','1978-10-12 21:13:31'),(20,31,'requested','1985-09-14 17:50:14','1975-02-07 17:03:53'),(20,48,'declined','2009-07-11 08:58:45','2012-03-30 04:20:21'),(21,18,'approved','2009-12-17 00:29:21','1997-07-09 08:16:23'),(24,76,'approved','2014-12-20 08:18:46','1997-09-03 14:41:48'),(24,88,'requested','2013-06-17 01:41:08','1973-11-16 23:37:20'),(25,38,'approved','1978-11-01 12:07:04','1975-06-14 00:41:36'),(26,64,'unfriended','2003-05-18 04:14:19','1985-07-27 17:36:35'),(27,60,'unfriended','2001-09-15 20:18:52','1975-05-07 08:04:50'),(27,67,'requested','2003-12-26 07:02:52','2002-05-12 04:23:42'),(28,34,'approved','1987-03-31 10:42:45','1974-10-02 06:10:48'),(29,23,'unfriended','1975-09-05 17:32:31','2017-10-11 05:20:20'),(29,43,'requested','1980-01-29 22:32:00','2007-08-27 00:44:43'),(32,40,'requested','1976-09-14 16:39:10','1995-01-22 03:25:21'),(33,38,'declined','1982-06-12 18:04:09','2009-10-04 12:55:09'),(35,28,'declined','2002-04-20 07:58:41','2006-06-07 22:56:27'),(35,42,'approved','2008-01-03 23:04:23','1998-01-18 03:11:31'),(37,45,'requested','1995-02-14 13:10:46','2011-01-22 12:42:17'),(37,90,'unfriended','2020-10-04 09:38:13','2014-08-19 22:59:28'),(37,97,'requested','1977-05-22 01:12:50','1985-11-18 22:30:44'),(38,84,'declined','1981-05-04 20:49:36','2011-10-14 10:24:44'),(40,56,'requested','1985-10-11 05:50:35','1990-10-18 12:27:55'),(41,13,'approved','1977-03-11 00:19:05','2005-01-11 10:14:37'),(43,10,'declined','1983-01-04 14:45:13','2013-06-12 05:23:29'),(46,59,'approved','1984-08-25 23:13:02','2003-04-25 11:07:59'),(46,92,'unfriended','1972-02-12 21:18:21','1979-05-05 16:08:16'),(46,94,'requested','1972-10-13 16:18:42','1989-02-07 01:05:04'),(47,3,'approved','2014-01-25 05:12:32','2011-07-14 10:32:26'),(48,54,'declined','1998-05-22 08:38:50','1991-09-11 09:33:24'),(48,73,'approved','1978-06-23 15:36:48','1994-06-14 19:26:34'),(48,100,'requested','2017-08-09 08:53:35','2018-05-19 23:42:19'),(49,49,'requested','1977-04-17 10:06:37','2016-11-01 10:30:21'),(49,95,'declined','2002-12-31 17:39:51','1976-06-09 04:38:23'),(50,45,'declined','1993-10-18 16:39:08','2020-08-08 23:03:38'),(50,89,'declined','1994-04-05 23:10:37','2002-10-23 12:06:24'),(52,71,'requested','1992-09-01 17:25:46','2018-11-05 19:15:21'),(53,26,'requested','2003-12-03 22:52:59','1972-10-27 23:34:13'),(53,28,'unfriended','1991-05-17 09:07:51','2019-04-15 10:50:56'),(53,100,'approved','1998-03-06 22:52:05','1996-09-17 20:41:05'),(55,31,'declined','1974-06-21 23:23:37','1980-05-24 05:41:39'),(55,78,'unfriended','1976-11-21 02:13:38','1973-02-22 23:28:43'),(55,87,'declined','2006-08-31 08:52:10','1995-02-26 09:20:11'),(57,47,'approved','1980-04-13 15:19:30','1995-06-10 17:37:21'),(58,56,'requested','1996-10-30 16:11:37','2006-02-26 06:25:31'),(58,65,'declined','1988-03-30 04:01:08','2004-10-20 03:29:00'),(59,75,'approved','2005-09-12 03:54:39','1997-11-20 14:42:47'),(61,26,'approved','1990-12-22 15:00:28','1977-06-18 13:41:34'),(61,83,'requested','2014-08-22 11:52:44','2002-06-20 13:52:19'),(64,70,'declined','1992-02-21 15:09:46','1996-01-18 15:33:32'),(66,80,'unfriended','2006-03-17 13:30:47','1987-07-13 07:08:19'),(69,35,'requested','2003-03-30 18:58:31','1987-02-23 03:44:45'),(69,66,'requested','2004-10-13 01:56:06','2017-05-30 22:17:41'),(71,81,'requested','1999-03-08 16:16:06','1974-04-25 04:08:06'),(74,2,'approved','2019-04-27 09:17:58','1995-08-23 07:07:21'),(77,62,'declined','2017-12-08 16:59:50','2005-08-23 17:07:22'),(77,75,'approved','1970-04-03 23:45:11','2013-10-15 15:26:38'),(78,35,'declined','1970-02-10 16:52:26','2010-11-16 11:53:24'),(78,53,'approved','1981-07-01 06:02:18','2020-10-24 13:08:14'),(78,91,'unfriended','2002-01-17 10:05:50','1986-05-26 09:11:39'),(79,21,'unfriended','2005-05-10 15:52:12','2001-11-18 17:35:54'),(80,81,'requested','1970-04-20 04:51:54','2007-05-12 15:41:30'),(81,43,'approved','1999-09-28 02:58:07','1983-01-09 18:26:24'),(81,51,'unfriended','2002-07-10 06:58:35','1979-04-23 17:51:12'),(83,85,'requested','1990-05-19 13:27:35','1973-03-29 17:06:02'),(84,9,'approved','1992-12-30 06:13:29','1996-06-04 08:51:28'),(84,59,'requested','1999-01-03 06:10:42','1992-05-06 22:10:17'),(84,66,'approved','1970-12-01 13:16:17','2020-05-24 22:58:28'),(85,50,'approved','1982-03-26 04:55:06','2019-07-24 20:39:26'),(87,27,'requested','1985-12-15 10:03:09','1976-06-02 19:19:38'),(87,93,'approved','1990-07-29 01:55:08','1983-10-21 02:34:57'),(90,84,'unfriended','2020-08-06 07:35:40','1987-10-03 21:31:33'),(92,25,'approved','2000-01-31 20:03:42','2016-03-18 22:32:51'),(92,74,'declined','2012-03-08 16:29:46','1975-09-02 11:27:40'),(93,22,'unfriended','1993-06-06 01:30:48','1972-09-23 22:58:40'),(93,38,'declined','2007-05-22 07:07:40','2017-05-10 04:46:16'),(95,45,'approved','2015-09-22 04:27:55','1978-04-16 01:21:36'),(95,56,'requested','1971-05-21 13:57:17','1979-08-22 19:52:27'),(95,78,'declined','2006-03-12 00:48:00','2009-01-08 11:19:44'),(95,95,'requested','1993-02-07 01:24:34','2007-12-24 20:18:44'),(96,30,'unfriended','2003-11-27 09:23:41','2008-04-07 17:35:30'),(96,35,'declined','1974-05-10 08:54:30','1981-11-07 02:31:11'),(97,33,'declined','1971-08-18 13:18:07','2007-12-03 09:00:19'),(98,68,'requested','2011-11-15 10:50:59','1981-10-17 18:50:52'),(98,72,'declined','2015-10-18 16:47:28','1984-07-06 09:01:47'),(98,91,'unfriended','2016-06-26 01:54:04','1985-06-24 22:44:49'),(99,23,'requested','2010-11-07 03:31:18','1997-12-16 18:55:41'),(99,50,'requested','2016-05-07 14:39:38','1983-01-05 15:43:35');
/*!40000 ALTER TABLE `friend_requests` ENABLE KEYS */;
UNLOCK TABLES;

--
-- Table structure for table `messages`
--

DROP TABLE IF EXISTS `messages`;
/*!40101 SET @saved_cs_client     = @@character_set_client */;
/*!50503 SET character_set_client = utf8mb4 */;
CREATE TABLE `messages` (
  `id` bigint unsigned NOT NULL AUTO_INCREMENT,
  `from_user_id` bigint unsigned NOT NULL,
  `to_user_id` bigint unsigned NOT NULL,
  `message` text,
  `is_read` tinyint(1) DEFAULT '0',
  `create_at` datetime DEFAULT CURRENT_TIMESTAMP,
  PRIMARY KEY (`id`),
  UNIQUE KEY `id` (`id`),
  KEY `from_user_id` (`from_user_id`),
  KEY `to_user_id` (`to_user_id`),
  CONSTRAINT `messages_ibfk_1` FOREIGN KEY (`from_user_id`) REFERENCES `users` (`id`),
  CONSTRAINT `messages_ibfk_2` FOREIGN KEY (`to_user_id`) REFERENCES `users` (`id`)
) ENGINE=InnoDB AUTO_INCREMENT=101 DEFAULT CHARSET=utf8mb4 COLLATE=utf8mb4_0900_ai_ci;
/*!40101 SET character_set_client = @saved_cs_client */;

--
-- Dumping data for table `messages`
--

LOCK TABLES `messages` WRITE;
/*!40000 ALTER TABLE `messages` DISABLE KEYS */;
INSERT INTO `messages` VALUES (1,41,30,'Voluptas sunt nostrum est ut aut. Sunt excepturi voluptatem id fuga autem dicta accusamus. Totam aspernatur porro possimus itaque aut.',0,'2019-11-20 05:58:07'),(2,24,72,'Fuga sit et itaque vel. In saepe est ducimus perferendis alias eum sed. Necessitatibus explicabo autem ex et eveniet ipsa sint. Nihil est commodi quia consequatur.',0,'2000-08-19 13:12:06'),(3,16,90,'Dignissimos magni voluptatibus temporibus a. Fugit illo eum quis dolores nam dolores velit. Non amet est aut libero molestiae fugit voluptatem. Quisquam et dolore reiciendis non.',1,'2017-12-28 18:20:14'),(4,83,62,'Placeat veniam natus minus animi debitis cupiditate dolore. Nesciunt veritatis in eum voluptatem qui iure expedita quia.',1,'1999-07-22 21:16:03'),(5,71,44,'Placeat et recusandae rem expedita. Libero ducimus eaque et aut repellat et sapiente. Sit amet ab placeat illum unde et voluptates.',1,'2014-01-30 01:20:23'),(6,94,32,'Numquam non similique quia reprehenderit doloremque quisquam. Soluta sunt exercitationem deserunt explicabo. Sunt sit sed sed assumenda.',0,'2019-01-21 05:11:46'),(7,54,70,'Molestiae voluptatem aliquam necessitatibus sed nostrum. Facilis doloremque excepturi vitae autem sint amet qui.',0,'2005-05-17 05:30:59'),(8,1,58,'Aut quis qui et minima. Libero quis doloremque repellat aut architecto suscipit. Voluptatem mollitia nobis voluptatum eum.',1,'2011-05-02 03:36:35'),(9,64,50,'Dolores minima ipsa molestiae omnis veritatis architecto voluptatem. Laboriosam consequatur totam nihil consectetur necessitatibus sed. Ut temporibus aut ab numquam.',0,'2005-09-08 22:14:00'),(10,4,57,'Quia iusto dolorum magnam repellat ut officia harum. Quasi neque qui voluptatem.',0,'1989-08-06 17:39:14'),(11,87,27,'Nisi aut eum voluptas ducimus dolorum exercitationem. Suscipit itaque ea eum. Architecto hic laborum facilis.',0,'2019-09-28 12:59:05'),(12,80,67,'Id quis iste et. Reiciendis possimus aut voluptatum delectus et aliquid et. Cupiditate temporibus ipsa voluptates ipsa quam sequi ea velit. Tenetur aut consequatur perspiciatis quo est.',0,'1978-09-30 10:28:06'),(13,93,77,'Adipisci voluptatem perferendis id neque libero distinctio sed perferendis. Accusantium libero ad iure assumenda blanditiis ducimus. Deleniti dolorum molestiae est quia ut est optio. Suscipit et distinctio beatae exercitationem quia iure.',1,'1990-06-24 11:37:05'),(14,32,73,'Rem ut placeat nisi enim possimus quisquam fugiat. Facere velit recusandae et et nostrum sit. Maiores deserunt quia qui. Nisi dolores optio exercitationem non numquam.',0,'1974-10-04 15:06:16'),(15,18,24,'Porro quam ipsum veritatis ut et. Consequatur dolore et et eum. Temporibus est omnis velit et quam. Pariatur enim vitae quo eaque quis.',1,'2011-09-16 05:38:08'),(16,13,58,'Et eum perspiciatis incidunt. Laborum cumque sint quos dolor quam non.',0,'1977-04-25 07:01:18'),(17,54,37,'Voluptatem modi et odit quia et delectus. Sint odit animi id sequi in consequatur quidem. Ut possimus eum ab explicabo magni quam qui. Vero et dolorum explicabo molestiae eos quis.',0,'1971-04-08 14:07:06'),(18,30,70,'Et quia similique et quas aliquam aliquam. Mollitia in officia laboriosam voluptate. Autem delectus aut voluptatum. Sunt quia sit quis libero eos eum nihil.',1,'1991-10-10 10:52:46'),(19,26,12,'Neque autem eos aut sit alias non qui dolorem. Vel et saepe veniam quidem nulla. Atque dolorum sint voluptatibus ad. Repellat qui minima doloribus dolorem tenetur sint.',1,'1993-08-24 02:12:21'),(20,31,97,'Et velit deserunt asperiores perferendis. Ducimus corrupti et dolor et expedita magnam. Architecto rerum dolorem expedita veritatis saepe porro ad rerum. Nihil officia ipsam at ut.',1,'2006-04-21 01:02:51'),(21,56,25,'Harum impedit et non veritatis iusto. Ducimus voluptas incidunt voluptate qui et rerum corrupti eveniet. Ratione et et eos voluptatibus quia itaque.',1,'1972-12-14 09:45:11'),(22,29,9,'Assumenda reprehenderit omnis consectetur. Dolores est rerum nam. Quia placeat explicabo aliquam voluptas itaque necessitatibus maxime. Dolores non quo commodi porro modi consequatur.',1,'2009-09-01 06:07:27'),(23,94,29,'Maiores quas similique rem est ex sint aperiam nihil. Nobis laboriosam rerum aperiam ut sit. Et officiis est officiis.',1,'1996-02-12 06:48:37'),(24,66,58,'Minus aspernatur est id est nostrum et odio. Nam est nisi asperiores sint ducimus. Pariatur sint eos quis vel. At maxime porro maiores veniam voluptatem minus optio.',1,'2013-12-22 11:28:08'),(25,79,70,'Minima impedit porro dignissimos alias consectetur. Iusto repellat incidunt sit suscipit facilis.',0,'2011-11-19 17:57:06'),(26,14,65,'Eaque omnis consequatur dignissimos magnam odit. Dolor omnis hic ipsum aut debitis. Iusto quo qui incidunt aliquid amet rerum. Aut aut autem ut voluptas.',1,'2008-11-05 01:36:05'),(27,96,94,'Iure ipsam molestiae ut ut ut ullam tempore rem. Ut adipisci voluptas assumenda ullam quisquam id. Praesentium ut necessitatibus molestiae perferendis sequi architecto nisi et. Culpa aut tenetur tempore corrupti consequuntur molestias.',0,'2001-09-03 10:39:21'),(28,32,89,'Id quod aut et laborum explicabo quibusdam assumenda saepe. Quasi dolore mollitia aut velit et. Voluptatem vero aliquid quod veniam. Nisi nulla labore deserunt eaque.',0,'1993-08-10 11:27:52'),(29,70,64,'Odio dignissimos vel voluptatem tenetur ipsum odit eum rerum. Ipsam ab accusamus saepe aperiam aperiam dolor. Sunt aliquam molestiae eum rem. Voluptate ut reprehenderit ut. Sit vel ducimus quia consequatur labore.',0,'2000-10-17 22:16:43'),(30,62,87,'Voluptas neque ipsum dolorem temporibus. Id voluptatem sequi quis. Dignissimos ducimus consequatur quod et alias aspernatur.',0,'2003-04-07 02:07:05'),(31,88,75,'Est est rerum dignissimos et fugit excepturi. Voluptatem accusamus laborum explicabo quo. Minus aspernatur pariatur perspiciatis deserunt qui sit.',0,'2010-01-14 21:50:50'),(32,45,41,'In fugit atque eum impedit necessitatibus. Officiis aut laudantium ullam mollitia. Aperiam minus vel laborum provident consequatur voluptas natus. Sit eius expedita ipsum expedita.',1,'2001-05-11 14:00:39'),(33,11,74,'Velit saepe quis quia. Est et sapiente id sed laborum voluptas. Similique quod accusantium debitis sint id odit nihil.',1,'1991-06-30 20:58:36'),(34,11,37,'Aperiam corporis et voluptas totam et officiis praesentium. Nam tempora aliquid eaque harum dolores.',0,'1998-10-10 03:20:29'),(35,85,41,'Veniam itaque odit explicabo dolor perferendis. Velit dicta ut non maiores et consequatur cum. Voluptatem sint autem doloremque unde eos. Et assumenda hic nihil modi. Accusamus voluptatem saepe quis.',0,'1983-03-30 10:13:31'),(36,33,41,'Sit et omnis amet distinctio accusamus debitis. Atque minima pariatur corrupti facere consequatur doloremque ea. Provident error laborum quos et.',0,'2010-03-14 10:56:45'),(37,66,61,'Id sunt quod et rerum. Iusto voluptatem consequuntur incidunt. Placeat ipsam modi dolorem assumenda.',0,'2004-07-04 09:47:40'),(38,49,59,'Mollitia maxime excepturi accusantium corrupti laboriosam qui. Sint delectus dolore rerum accusamus ut. Rem nisi omnis sunt atque accusantium maxime repudiandae et.',0,'2019-12-03 11:05:32'),(39,90,15,'Tempora sunt enim quisquam consequatur. Quod omnis fugit voluptatem maxime fugiat alias veniam debitis.',0,'2004-04-08 16:21:03'),(40,16,68,'Aut voluptatem natus quidem fugiat et voluptatem iure beatae. Iusto suscipit sed maxime nisi. Consequatur quia fugiat aliquam ut est.',1,'1985-11-30 15:45:31'),(41,84,30,'Accusamus laborum tempore laboriosam voluptas. Nulla consectetur est voluptas magnam dolores repellat tenetur voluptas.',0,'2011-07-16 10:35:56'),(42,32,80,'Et ut maxime vitae qui et. Optio sunt qui autem aspernatur ipsum. Omnis ullam odit nam.',0,'2014-03-07 13:46:47'),(43,23,64,'Molestiae reprehenderit perferendis et quam consequuntur itaque maiores. Possimus voluptatibus voluptatem maxime dolor. Adipisci molestias assumenda provident a quo repellat. Est consectetur sed atque et dolorum eum.',1,'1998-11-11 16:41:34'),(44,69,93,'Occaecati provident asperiores omnis sint ut quibusdam. Ab nihil sunt et enim maiores voluptates vel. Est ullam rerum quibusdam ut.',0,'1997-07-18 17:13:35'),(45,27,30,'Hic voluptatem quo et sint. Debitis quia et excepturi quia facilis consequatur voluptates.',1,'1995-05-14 18:46:44'),(46,80,14,'Eos nihil facere quia itaque. Eveniet praesentium quia eius iste aut. Iure voluptas et aspernatur. Ut adipisci nesciunt earum voluptatibus perspiciatis.',1,'1978-08-07 09:25:23'),(47,4,24,'Modi molestiae eveniet corporis autem non non. Quaerat dolor possimus omnis alias aliquid. Est aperiam et dolor exercitationem.',1,'1994-11-03 03:21:59'),(48,55,15,'Et dolores voluptatem temporibus sapiente velit. Qui iusto voluptate provident placeat neque. Reiciendis consequatur aut iste nihil iusto qui nemo.',1,'1974-03-19 18:48:16'),(49,97,65,'Sunt iusto suscipit ea recusandae mollitia accusamus ut. Autem qui delectus id iusto molestiae deserunt. Aut aperiam est sunt provident.',0,'1994-11-24 23:41:29'),(50,51,82,'Sed non repellendus omnis impedit ullam architecto dolore. Autem est odit omnis impedit ab. Quae blanditiis ipsa quia corporis natus ex et.',1,'1975-03-14 01:19:45'),(51,6,83,'Et molestiae impedit recusandae et non rem quia. Voluptas consequuntur natus dicta excepturi. Animi excepturi perspiciatis voluptatem necessitatibus.',0,'1983-09-22 03:49:43'),(52,22,71,'Et autem dignissimos natus id tenetur temporibus. Suscipit voluptatem ad molestiae eveniet. Non impedit voluptas tenetur facere cum et quia. Provident possimus sunt molestiae exercitationem dolores. Incidunt non voluptas aut fugiat assumenda.',1,'1997-05-04 19:57:38'),(53,43,71,'Ut porro repellat ad quaerat. Delectus ea omnis et. Incidunt autem quo sit nobis mollitia illum. Ut placeat perferendis eius eligendi ut eligendi.',1,'1978-04-26 05:59:57'),(54,30,33,'Ut quisquam provident fugit. Asperiores omnis et occaecati doloribus eos fugiat enim rem. In voluptate hic ut eum voluptates autem.',0,'2001-07-22 19:49:14'),(55,85,46,'Voluptatibus voluptatem assumenda fugiat sed qui eos tenetur. Et est maiores quae culpa. Sapiente dignissimos vitae dolorem magni similique delectus.',1,'2000-09-02 20:39:02'),(56,100,69,'Magni ut ipsa iure a non. Animi eaque dolore qui in eligendi labore. Ea sunt suscipit qui. Et nihil sunt velit dolorem illum commodi iusto.',0,'1983-10-16 09:39:55'),(57,75,32,'Harum ipsa voluptatem quisquam qui. Voluptatem placeat sunt laboriosam qui quod.',1,'2015-09-01 04:05:30'),(58,49,98,'Ea iusto magnam occaecati tempore odit maxime aut. Eaque minus in cumque minus.',1,'1976-12-20 09:24:59'),(59,95,17,'Ut autem animi repellat dolor fugit aut sit modi. Et est similique consequuntur mollitia et dicta vero. Aut rerum deserunt ipsa ut aut. Molestiae voluptas pariatur nobis quaerat. Et minima odio quia consequuntur temporibus praesentium ipsam.',0,'1979-04-26 02:13:43'),(60,91,21,'Velit et aut assumenda et iusto aut qui autem. Quia non recusandae veniam cum ut. Reiciendis accusamus molestiae et. Dolor aliquid dolorum dolor nisi. Aut et sit nulla sunt voluptatem rerum.',1,'2001-10-04 09:53:26'),(61,47,70,'Non ullam occaecati debitis nihil repellendus voluptatem rem dolorem. Consequatur qui voluptatem voluptate ab. Aut et quia praesentium. Veritatis sed placeat atque quia.',1,'2002-07-14 03:10:35'),(62,35,50,'Deserunt veritatis laudantium consequatur minus maxime. Provident nemo adipisci praesentium tempora consequuntur dolor tempore. Est qui facere iure fugit.',0,'2011-01-24 23:47:21'),(63,93,89,'Qui illum temporibus et rerum. Itaque iusto delectus qui velit. Cum quasi aut unde fugit doloremque voluptas sint quo.',1,'1997-10-20 01:22:04'),(64,64,90,'Illo et necessitatibus et qui est. Porro aliquid omnis sed velit pariatur. Ullam aspernatur a magnam et quia. Temporibus iste voluptatem alias sint et beatae ut rerum.',1,'1999-10-08 11:45:26'),(65,54,14,'Minus officiis nesciunt rerum quia est corporis qui. Unde atque numquam sit rerum commodi aliquam. Molestias tenetur soluta non voluptatem et hic. Ut porro beatae culpa.',0,'1979-03-24 08:00:08'),(66,71,60,'Pariatur molestias quisquam quia saepe quae. Ut eaque qui saepe. Veniam tempore quia voluptas.',1,'2001-05-12 17:53:23'),(67,97,93,'Et adipisci dignissimos et natus odio. Consequuntur dicta in voluptatem dolores sunt eveniet rerum. Expedita temporibus voluptatum nesciunt nam quas assumenda doloribus. In velit ipsum iusto voluptas autem. Et nihil laudantium aut qui quo quisquam architecto.',0,'1995-12-18 10:04:28'),(68,31,40,'Delectus sed sunt tempore illo. Eveniet ab quaerat qui numquam. Et ut occaecati assumenda sequi.',0,'1972-08-28 07:37:33'),(69,63,60,'Occaecati voluptatem nobis maxime enim eos nostrum. At dolorem voluptatem distinctio. Non inventore laborum veniam consectetur eos et eos.',0,'2018-04-25 03:55:33'),(70,72,48,'Beatae voluptates iste necessitatibus ut repellat. Consequatur ad vel assumenda et quas. Voluptate doloribus et unde a.',1,'1994-05-08 10:48:31'),(71,6,71,'Enim vel est praesentium totam nam commodi facilis vel. Dolorum aspernatur veritatis odio dignissimos doloribus rem sequi numquam. Quod sit ad sint numquam illo. Pariatur ut neque laboriosam id laudantium recusandae et facere.',1,'1975-03-02 00:57:57'),(72,16,81,'Ut quaerat nemo eum ex consectetur. Sit enim temporibus quis quia consequatur vitae. Neque sapiente possimus ut temporibus numquam dolor aut sed. Hic reiciendis rerum aut provident omnis nobis.',1,'2009-03-09 09:15:43'),(73,2,64,'Non est mollitia error. Sed amet accusantium impedit vero reprehenderit. Explicabo fugiat repellat cum. In labore natus cumque ipsa.',1,'1991-05-30 03:22:07'),(74,79,97,'Tempora in neque amet quos et. Ut earum ex rerum ratione optio. Quos nulla nesciunt ex et recusandae.',1,'1989-12-06 01:24:21'),(75,81,69,'Cumque aut soluta et temporibus voluptas et voluptatibus. Perferendis inventore enim sint amet velit dicta alias. Architecto laborum at est natus quidem soluta.',0,'2017-08-18 12:43:20'),(76,18,27,'Aut pariatur omnis totam id. Labore minima ullam ipsum tempora fuga blanditiis.',0,'1982-11-21 19:14:13'),(77,39,52,'Dolores magni non nulla nihil. Aliquid optio sit ut dolor. Quidem recusandae quam nostrum.',0,'1989-12-28 12:38:00'),(78,77,32,'Minima doloribus ut nemo doloribus neque. Voluptas autem accusamus error necessitatibus rerum in expedita. Corrupti qui dolor voluptate iste voluptas assumenda.',1,'2002-11-13 17:10:19'),(79,41,40,'At illum ut id voluptatum. Et deserunt et voluptas quaerat aliquid et sint consequatur. Repellendus ad blanditiis officia nihil architecto veniam ab. Labore ea ipsa magnam voluptatibus.',1,'1973-08-30 18:24:00'),(80,21,95,'Mollitia ducimus ex non ipsa minima. Deserunt assumenda qui facere odit exercitationem aperiam esse. Et dolor in occaecati. Aliquid error vel eligendi eaque vel doloremque.',0,'1974-11-11 21:08:07'),(81,54,92,'Reprehenderit velit repellendus voluptate ut aliquid. Minus nemo temporibus ipsa quidem. Ipsum et architecto dolor. Voluptas facilis fugit assumenda sit.',0,'1985-07-30 10:08:17'),(82,54,51,'Ut qui consequuntur exercitationem maiores. Culpa dolores dolorem voluptatem magni. Et neque est deserunt repudiandae reprehenderit velit soluta.',1,'2008-10-07 08:19:09'),(83,84,85,'Minus omnis sed qui aliquid debitis qui ipsum. Est pariatur eum voluptatem consequatur in. In quae numquam est sunt rerum quia. Laudantium doloremque perspiciatis id adipisci et.',1,'2013-05-18 00:34:17'),(84,90,47,'Voluptatem eligendi perspiciatis aut consequuntur natus maiores. Aspernatur voluptates molestias repellat perspiciatis magni et voluptatem. Atque iusto asperiores necessitatibus ullam ad. Quis vel totam at iusto officiis qui.',0,'1992-05-26 04:39:08'),(85,45,62,'Ut et velit beatae et numquam enim quis et. Non maiores doloribus sapiente reprehenderit qui. Ipsam sit ipsa qui.',0,'1970-11-24 10:18:07'),(86,94,50,'Nihil modi voluptate quas qui et enim itaque vel. Expedita et voluptas est id. Enim totam quos et temporibus dolores magni id. Praesentium sit sed voluptas a. Non et reprehenderit aut magnam non quidem officiis.',0,'1997-01-27 12:04:41'),(87,32,10,'Et quaerat ut commodi natus quis est voluptatibus aut. Voluptate porro totam accusantium possimus corrupti ad modi. Aliquam dignissimos aliquid aut voluptatibus aut omnis iusto. In explicabo beatae nesciunt in quibusdam necessitatibus.',1,'1999-05-05 08:48:31'),(88,30,34,'Aspernatur aut necessitatibus vero. Doloremque laborum alias ullam eum occaecati ut et quos. Velit amet sapiente saepe voluptatem mollitia. Totam quia vitae maiores debitis.',0,'1991-12-17 02:23:24'),(89,74,8,'Nihil eos vitae at dicta totam iusto. Error et dolores sint assumenda. Temporibus nisi in libero est libero delectus.',1,'1986-08-10 13:17:31'),(90,31,54,'Commodi perspiciatis et minus vitae. Nam reprehenderit hic eos suscipit reprehenderit numquam. Voluptate culpa quia nesciunt et dolores.',1,'2016-07-28 22:43:57'),(91,77,48,'Illum aspernatur quas in culpa iusto pariatur. Ullam et eius quis ipsa ut. Error quasi rem aperiam earum qui. Est qui voluptas sint est aut eveniet voluptas.',0,'2003-04-16 02:39:26'),(92,81,15,'Corporis cupiditate et praesentium et ex. Qui qui omnis beatae dolor est laboriosam quo. Tenetur tempore quo neque dolorem.',1,'1970-01-16 10:00:33'),(93,100,57,'Voluptatem fuga fuga vitae libero eaque cupiditate. Dignissimos saepe ut dolorum aspernatur quia quis voluptas sapiente. Debitis suscipit aut et.',1,'2005-10-16 07:42:45'),(94,47,41,'Error saepe et culpa. Possimus assumenda optio inventore ab aut beatae. Ut sed saepe quo sit aspernatur necessitatibus atque ut.',0,'1998-10-13 03:58:33'),(95,97,68,'Non fugiat harum quod consequatur est. Voluptatem sit nostrum aut. Qui magnam occaecati totam similique laborum. Quasi sit blanditiis ut ut repudiandae eum qui.',1,'1987-04-26 09:05:28'),(96,35,51,'Numquam esse minima quia et ipsam aut. Eos consequatur molestiae odit voluptate earum. Dolor accusamus sit aut nemo. Et rem cumque alias itaque numquam.',1,'2011-02-27 09:05:17'),(97,59,89,'Hic ipsum et dolor rerum totam. Id quis voluptatum magnam modi. Nihil ut rem nulla voluptatibus.',0,'2015-07-05 17:20:41'),(98,1,43,'Voluptatem blanditiis eius aut ipsam velit. Mollitia dignissimos exercitationem nemo esse nobis quia eaque. Quisquam vero quis ea nam eos. Expedita inventore eos et et.',1,'1995-09-02 02:08:43'),(99,73,90,'Suscipit magni ducimus voluptatem quia. Non expedita laudantium qui ipsam ut. Est iure id nam cum accusantium molestiae. Vero consequatur quasi adipisci est.',0,'1989-02-24 21:46:14'),(100,90,17,'Quia libero ad occaecati et quasi eum veritatis. A porro laboriosam nesciunt impedit ut architecto. Dolorum dolor impedit eos quod et at. Velit aut qui minima quis voluptatem nobis ad. Aut rem sed sed.',1,'2014-11-04 05:30:45');
/*!40000 ALTER TABLE `messages` ENABLE KEYS */;
UNLOCK TABLES;

--
-- Table structure for table `photos`
--

DROP TABLE IF EXISTS `photos`;
/*!40101 SET @saved_cs_client     = @@character_set_client */;
/*!50503 SET character_set_client = utf8mb4 */;
CREATE TABLE `photos` (
  `id` bigint unsigned NOT NULL AUTO_INCREMENT,
  `filename` varchar(200) DEFAULT NULL,
  `user_id` bigint unsigned NOT NULL,
  `description` text,
  `created_at` datetime DEFAULT CURRENT_TIMESTAMP,
  PRIMARY KEY (`id`),
  UNIQUE KEY `id` (`id`),
  KEY `user_id` (`user_id`),
  CONSTRAINT `photos_ibfk_1` FOREIGN KEY (`user_id`) REFERENCES `users` (`id`)
) ENGINE=InnoDB AUTO_INCREMENT=101 DEFAULT CHARSET=utf8mb4 COLLATE=utf8mb4_0900_ai_ci;
/*!40101 SET character_set_client = @saved_cs_client */;

--
-- Dumping data for table `photos`
--

LOCK TABLES `photos` WRITE;
/*!40000 ALTER TABLE `photos` DISABLE KEYS */;
INSERT INTO `photos` VALUES (1,'sunt',100,'Ut hic eius magnam excepturi ab illum. Est cum illum saepe doloribus quis esse blanditiis. Et non qui officiis atque.','2006-10-31 17:13:53'),(2,'hic',54,'Necessitatibus molestiae praesentium non aut eius qui. Quo assumenda aut aut incidunt. Explicabo nostrum dolores quidem reprehenderit quam voluptatem.','2016-01-16 06:35:11'),(3,'voluptas',68,'Distinctio ut libero quod earum dolores facere sint. Fugit itaque atque enim molestias sunt. Voluptatibus omnis autem eum quos fugit.','1979-02-02 04:21:06'),(4,'sint',73,'Ullam debitis consequuntur exercitationem quisquam. Omnis unde cumque vel rerum inventore assumenda. Est sint eum cumque nulla dolore. Voluptates sed veniam omnis.','1975-09-20 08:58:24'),(5,'voluptatem',89,'Consequatur omnis voluptatem et exercitationem beatae tenetur. Dolores quis autem expedita cupiditate illo impedit. Debitis qui in odio dolor aut excepturi tempora. Nemo distinctio a officia inventore qui facilis iure temporibus.','1973-07-14 03:03:28'),(6,'quidem',41,'Aut odit sunt dolorem labore hic quibusdam. Iste cumque ut quis quasi. Qui sunt earum qui. Non eaque quos veniam dolorum aperiam.','2007-10-07 09:46:32'),(7,'saepe',57,'Vel sit qui voluptatem amet. Aperiam minima alias aut soluta.','2009-11-02 17:23:49'),(8,'nisi',86,'Ut error repellat harum voluptatem fugiat. Quam rerum mollitia modi minus placeat tenetur. Et quia necessitatibus omnis veritatis. Rem consequatur et sed.','2015-04-12 00:33:30'),(9,'sed',55,'Labore dolor corporis ex aperiam. Repudiandae ipsam fugiat ut quod voluptatem porro alias reiciendis. Temporibus esse quia iure quia reprehenderit. Voluptas dolor itaque enim dolores nulla qui.','1994-09-02 05:40:38'),(10,'soluta',12,'Eligendi distinctio dolor voluptatum incidunt nemo consequuntur. Voluptatem amet saepe inventore consectetur sit dolor et. Necessitatibus corporis et ab debitis.','1970-09-06 03:28:26'),(11,'voluptatum',24,'Magnam incidunt vel dolor. Numquam deserunt architecto et deleniti dolores sed est. Voluptatum ab incidunt iusto minus sed iure.','1983-10-12 16:45:34'),(12,'dolore',3,'Totam harum exercitationem deleniti perspiciatis qui corrupti ipsam. Eaque aliquam earum tempore est sunt qui vero molestias. Porro vitae non id quia similique. Qui qui placeat cum necessitatibus ea qui.','2013-08-01 07:52:49'),(13,'dolores',14,'Voluptatem cum velit nemo dolor laudantium. Totam explicabo aspernatur aliquam quam voluptatem in et. Deleniti pariatur deserunt sit est repellendus qui sed. Corporis fugit quas voluptates accusantium.','2015-07-27 10:24:56'),(14,'repudiandae',17,'Iusto ut ut voluptatem temporibus iusto aut. Dolorem autem et aspernatur corrupti culpa vel sunt aut. Enim dolore quae non.','1985-11-26 08:09:29'),(15,'sit',26,'Libero consectetur sint ea similique officia vitae voluptate. Sapiente eum eos sunt. Consequatur cumque non consequatur reiciendis omnis voluptate.','1974-08-23 01:36:27'),(16,'voluptas',47,'Non praesentium omnis nemo inventore nulla. Amet fugit iure enim. In libero eum corporis nesciunt sit.','1999-04-09 21:38:29'),(17,'omnis',98,'Sed labore laborum quo aut beatae soluta. Quasi ut aperiam asperiores autem quas. Inventore pariatur voluptatem animi nulla sunt consectetur veniam. Sed ipsa dolores fugiat odit unde voluptas rem.','1991-08-10 16:43:46'),(18,'soluta',65,'Debitis voluptatum modi voluptatem maiores voluptas inventore et. Provident voluptates pariatur ut perferendis quasi fugit. Minima consectetur eum qui in dolore aspernatur saepe.','2000-03-30 01:30:24'),(19,'placeat',46,'Quia voluptas ut modi quaerat nam et nesciunt esse. Nam in esse aut aut dolor delectus sapiente dolores. Et et placeat qui accusantium qui.','2012-10-26 12:35:41'),(20,'aliquam',75,'Aut vitae magni sint quasi dolore voluptatem. Minima tenetur doloribus numquam. Porro saepe ducimus molestiae animi dolor. Occaecati iste nobis laboriosam dolorem quos porro quisquam.','1990-11-16 01:29:23'),(21,'nemo',7,'Est ipsam accusamus quae est officia. Qui laudantium non vitae et ad velit. Quas est sit qui qui cum ea aut.','1975-08-06 17:04:13'),(22,'cumque',78,'Assumenda ut non placeat voluptatem non. Temporibus accusamus praesentium laboriosam. Perferendis sed libero quaerat iusto ipsam quaerat officia esse.','2004-09-17 07:08:45'),(23,'omnis',95,'Est id ut enim quas. Dolorem aut alias quo ipsam cum consequuntur et.','1975-09-19 00:36:02'),(24,'eligendi',98,'Deleniti eveniet et accusantium amet rem non. Veritatis dolore architecto veritatis perferendis. Dolores unde quasi quos repellat beatae maiores adipisci.','2010-07-24 14:33:54'),(25,'eligendi',52,'Accusamus explicabo iste et sed eos. Voluptatum magnam fugiat quae tenetur et quia sit natus. Velit possimus ratione nihil sunt praesentium illum.','1982-01-28 06:53:12'),(26,'voluptates',29,'Odio nulla eius ipsa amet at quidem. Mollitia aut labore voluptas ab et. Animi ullam ab libero libero est in.','1973-09-02 06:02:17'),(27,'qui',23,'Quod qui delectus ut laborum. Assumenda in minus eaque suscipit in qui. Quibusdam est et cum id ut deserunt.','1999-06-03 23:20:49'),(28,'sit',3,'Fugit ut adipisci amet totam. Praesentium fugit eum error maxime et et quas. Autem ab recusandae enim.','1996-11-14 05:36:08'),(29,'sit',68,'Commodi ut incidunt laborum. Odit nostrum cumque voluptatem est. A ut saepe aliquam ad. Laboriosam dolores est molestias minus quod suscipit.','1992-01-21 07:33:03'),(30,'voluptatem',62,'Libero sit est esse eos vel sunt natus. Possimus eligendi non qui harum. Asperiores suscipit debitis qui voluptatum.','2015-07-10 03:55:45'),(31,'esse',93,'Esse omnis voluptate cupiditate dolores mollitia. Sit dolorem quo modi voluptatem. Porro ex qui qui eos iusto aliquam amet. Est corporis itaque consequatur fugit laborum commodi quisquam.','1971-01-18 00:07:19'),(32,'eius',68,'Nulla alias sunt dignissimos deserunt. Ducimus repellat magni et et magni. Temporibus neque optio possimus sed.','2003-04-24 20:09:24'),(33,'rerum',16,'Alias dolores accusamus laboriosam maiores. Quam corrupti optio laboriosam minus.','1974-12-11 02:22:51'),(34,'asperiores',61,'Occaecati in natus voluptatibus possimus voluptas id incidunt. Nesciunt qui ab omnis animi. Et perspiciatis accusamus laborum et fuga voluptatum. Aut porro omnis consequatur quis a.','1994-10-22 16:56:17'),(35,'sequi',40,'Est velit temporibus non inventore dignissimos fugiat. Occaecati nulla temporibus impedit. Dolor voluptas hic sed placeat rerum. Aut ut alias quidem sed minus quibusdam error.','1980-01-18 23:12:19'),(36,'laudantium',4,'Voluptate libero sed aut quidem eos. Temporibus fuga saepe pariatur ex voluptas quam iure. Rerum eius consequatur commodi quo sit similique. Et tempore ullam rem culpa.','1994-01-21 12:08:25'),(37,'consequuntur',1,'Consectetur ipsam expedita quidem voluptate. Neque nisi est cumque. Suscipit sunt enim ipsa quidem fuga nihil iure.','2013-11-12 10:07:43'),(38,'maxime',96,'Ea unde expedita tempora. Dolore aut dolor consequatur delectus. Quisquam nihil natus voluptatem quidem iure distinctio quibusdam. Adipisci tempora ullam omnis dolores. Qui molestiae modi veniam est.','2004-08-24 23:07:10'),(39,'repudiandae',90,'Ut omnis eos atque repellendus deleniti ab. Omnis sed neque tempora quia earum omnis velit. Eveniet sit unde velit expedita officiis quam qui. Sunt ratione alias modi dolorem et voluptates corrupti.','1979-08-12 16:30:12'),(40,'repellendus',56,'Odio libero eveniet assumenda numquam maiores voluptas voluptatem. Quibusdam dolorem et dolores nihil aut qui doloremque. Laborum vel voluptas quod unde vero occaecati unde.','2008-09-20 11:23:50'),(41,'mollitia',8,'Similique amet veritatis aut enim aut. Qui quia deserunt praesentium quasi quia voluptates tenetur. Provident eveniet repellat suscipit autem non tempora labore. Est est aut qui et non est.','1998-10-31 10:38:23'),(42,'rerum',13,'Est porro corporis libero perspiciatis sint. Laudantium porro aspernatur aperiam facere et. Quibusdam dolore assumenda cupiditate velit fugiat et dicta. Itaque itaque quos fuga qui mollitia et. Omnis molestiae magnam minima corporis.','2005-04-02 19:55:02'),(43,'delectus',58,'Architecto occaecati non quia deserunt. Qui sit tempore dolores. Ipsam et est beatae asperiores alias quibusdam consectetur. Architecto voluptatem dolor dolorum. Nihil eos consequatur et quas rerum culpa.','2004-08-20 00:26:33'),(44,'veritatis',21,'Qui dolores voluptatem magni ipsum et enim est quod. Ut voluptatum est eos nisi aperiam ullam. Qui quidem quidem autem non consequatur.','1984-09-30 11:40:55'),(45,'et',29,'In officia earum velit qui est porro. Aut voluptatibus rem sunt eos est saepe quam. Labore blanditiis magnam magni et voluptatum facilis dolores voluptas.','1996-03-18 10:47:27'),(46,'qui',83,'Voluptatem repudiandae unde omnis cumque mollitia eos enim et. Iusto ut perspiciatis eum totam est.','1994-04-20 19:37:30'),(47,'architecto',67,'Nam minus et tempora non ipsa. Et consequatur sint vitae. Quis est dignissimos qui.','2008-02-07 11:59:51'),(48,'vero',27,'Ullam dicta quaerat laboriosam excepturi accusantium beatae dignissimos. Facilis deserunt accusamus cumque voluptates. Numquam et voluptas sapiente quo quo eligendi. Velit aliquam blanditiis rem quas.','2018-10-08 20:36:02'),(49,'esse',48,'Dicta autem nostrum qui dolor voluptas. Eligendi quia et placeat quidem maxime fugiat dolore minima. Earum aliquid consequatur in aut saepe.','1990-02-02 19:23:41'),(50,'eum',13,'Ut nostrum eos voluptas laudantium enim porro ducimus. Eos sequi quis commodi doloremque ducimus. Molestiae laudantium et eveniet tempore nobis quo dolores. Ut sit veritatis placeat dolores omnis.','1994-01-29 03:24:54'),(51,'rerum',1,'Et accusamus non magnam sunt dolorem doloremque. Distinctio asperiores ipsam rerum fugit quia repudiandae similique. Sint eum modi repellat et.','1978-04-30 18:42:13'),(52,'est',55,'Soluta et repellendus aut nihil quam ipsum aperiam id. Similique vero sequi ut. Impedit aliquam enim architecto possimus dolor animi culpa. Dignissimos a placeat repellendus velit consequuntur saepe.','2003-06-23 14:32:18'),(53,'dolorum',90,'Et vero accusamus maiores est sint. Nesciunt blanditiis quia libero at illum odit. Officia non aut facere iste optio est quia repellendus.','1996-02-21 08:16:18'),(54,'occaecati',95,'Dicta rerum ut qui et enim fugit voluptatem. Aperiam consectetur sit est perspiciatis ratione quas nulla quam. Libero cupiditate ut fugiat. Architecto fugiat praesentium ratione sit alias.','2004-05-15 04:48:17'),(55,'impedit',52,'Amet optio quis sed dolor quibusdam odio maxime. Quam illo dolores saepe. Porro consequatur velit aspernatur ducimus voluptates id. Debitis quia doloremque et minus voluptates ut. Dolore ut aut aut neque reiciendis.','1993-08-16 14:57:59'),(56,'placeat',42,'Enim enim cupiditate quis magni eius. Cumque optio commodi omnis ut sequi voluptas. Sequi reprehenderit non molestiae magnam quia rerum. Maxime in minima libero aut maxime vero sit et.','1995-01-13 03:40:49'),(57,'est',24,'Veniam delectus est labore quod sint voluptatem recusandae. Laborum laborum soluta iusto quia et id illum. Non reprehenderit quia quis voluptate cum est. Molestiae sit nihil aut animi.','1997-10-24 21:18:31'),(58,'necessitatibus',75,'Minima nihil ut quaerat consequuntur illum adipisci itaque. Itaque ut in et quia. In quo placeat quia temporibus expedita voluptatem.','2010-11-23 10:17:35'),(59,'fugiat',45,'Explicabo et enim dolorem deleniti accusantium ducimus est. Est quo rerum autem ut. Pariatur repudiandae in sunt officiis.','1979-02-07 17:29:03'),(60,'blanditiis',92,'Impedit voluptate ea sit porro dolor. Eum eveniet nisi laboriosam rem. Harum laudantium omnis consectetur minima. Quam placeat sed esse a odio. Nulla inventore sit voluptatem quasi omnis amet.','2000-10-05 16:34:08'),(61,'aut',36,'Vel ipsum sint rerum corrupti. Perferendis dolorum atque iste aliquam corrupti. Culpa et harum neque veniam voluptates.','2020-09-22 08:59:11'),(62,'asperiores',37,'Vero dicta autem nesciunt qui est itaque et possimus. Magnam quo optio ipsa repellat voluptatem aut. Libero error est asperiores quasi. Aut perspiciatis ullam dolorem aliquam vel nam nemo.','2000-01-08 06:29:56'),(63,'commodi',59,'Aut in nulla assumenda dolor sint voluptas ea perferendis. Inventore cum et ut a illo. Voluptatibus eos quis dolorem dolores. Facilis tenetur maxime et iusto optio ab veniam.','1989-08-12 04:28:51'),(64,'quia',51,'Placeat fugit adipisci repellat sed officiis tempore. Corporis vero rem nisi. Molestias quaerat dicta ipsum illum numquam deleniti eius et. Minima ea voluptatem porro earum fugiat enim.','1973-09-24 08:26:02'),(65,'ut',98,'Aut suscipit laudantium qui rem minus et vero. Exercitationem laboriosam quod recusandae qui. Excepturi veniam voluptatibus quod qui quo ea.','2020-03-22 19:42:24'),(66,'sint',99,'Nobis error ducimus quia. Et impedit est dignissimos. Voluptatem quod inventore voluptas soluta.','1977-07-24 22:21:33'),(67,'deleniti',55,'Qui expedita explicabo possimus nam qui. Dignissimos labore aut quia. Consectetur sequi temporibus ipsam.','1987-10-18 11:44:57'),(68,'voluptatem',98,'Culpa sit voluptatem numquam quasi omnis. Quas voluptas accusantium eaque ut omnis beatae animi. Eum cumque pariatur occaecati maxime qui quidem veniam. Non soluta quisquam voluptates tempora similique.','1974-11-14 00:11:30'),(69,'qui',95,'Quod rerum rerum enim et corrupti. Harum sit architecto illum molestiae ipsa. Porro quod ea illum nostrum quidem. Et illo illo vel rerum sed vero tempore corrupti.','2017-03-01 16:09:18'),(70,'provident',44,'Est commodi optio voluptatibus eum dolor nesciunt. Hic voluptas deserunt amet maiores praesentium. Eligendi unde repellendus suscipit iusto aut suscipit excepturi. Aliquam eaque consequuntur non odit dicta omnis.','1991-04-26 04:26:55'),(71,'sed',53,'Dolores et illo quis dolor omnis quia nihil. Praesentium est harum dolorum ut. At qui qui consectetur sunt. Occaecati in ut est dignissimos.','2000-07-31 07:51:26'),(72,'esse',2,'Accusamus maxime quidem corporis cupiditate. Modi dolor repellat amet. Qui in consequatur mollitia. Magnam eaque et commodi ducimus delectus.','2013-03-14 02:12:48'),(73,'quaerat',56,'Est sint consequatur explicabo voluptas. Explicabo corrupti ipsum eos magnam sunt.','2015-02-26 11:14:34'),(74,'quia',11,'Voluptatem in id consequuntur quo. A accusantium voluptate maiores reprehenderit.','2014-02-20 19:27:12'),(75,'commodi',22,'Et alias consequatur veniam minus illo. Voluptatem laboriosam eum voluptates adipisci. Nam aut qui asperiores enim labore.','2002-01-08 01:35:01'),(76,'et',85,'Id aut asperiores repudiandae ut voluptatem. Voluptas deserunt hic officia vel.','1997-04-19 09:13:23'),(77,'necessitatibus',94,'Aut et voluptates non molestias corporis est consequatur. Quia est veniam corrupti perspiciatis ipsam impedit. Adipisci omnis repellendus rerum fuga consequatur. Quae incidunt sed sint maiores non quaerat.','2003-01-28 08:41:15'),(78,'et',89,'Consectetur voluptatem cum neque nostrum ab asperiores. Ut nostrum autem quia. Quos illum eligendi cumque sunt asperiores deserunt.','2004-11-17 21:38:50'),(79,'ad',11,'Enim excepturi at blanditiis beatae. Dolores qui tenetur et nisi. Et porro vel nemo numquam deleniti est dolorum.','1980-06-01 15:26:14'),(80,'similique',41,'Repellat dolores facere consequatur sit dignissimos dolore aliquid. Sit sit suscipit eos vel. Inventore consequuntur quibusdam incidunt eum laborum maiores.','1989-07-24 14:57:46'),(81,'tempore',1,'Corporis assumenda cum aperiam corrupti aut omnis nihil. Eius quod suscipit dolorem voluptatem. Omnis recusandae illum magnam sed enim esse. Consequatur perspiciatis fugiat sit qui alias est et.','1994-03-28 13:38:34'),(82,'est',11,'Rerum in perspiciatis porro. Aspernatur repellendus omnis itaque eveniet. Sunt sint quidem soluta ea possimus. Nisi aut odit est esse.','1978-02-17 11:26:05'),(83,'numquam',95,'Minus incidunt mollitia quidem et qui soluta. Alias natus sint alias dolorum. Molestias omnis placeat quae placeat animi.','1985-11-19 07:30:18'),(84,'sapiente',90,'Magnam possimus praesentium aliquam sint qui omnis in. Quidem officiis ut nihil dolorem placeat aliquid. Dignissimos sit fuga consectetur deserunt sapiente praesentium ipsa. Totam quod qui inventore commodi.','1988-04-11 20:48:55'),(85,'eius',6,'Est velit quaerat temporibus necessitatibus voluptatem nihil mollitia occaecati. Sed assumenda est alias consectetur. Assumenda dolores impedit officia quisquam laboriosam. Velit laudantium veniam sunt quaerat.','1980-05-11 14:50:07'),(86,'saepe',47,'Sit voluptas occaecati non nulla quas. Voluptatem consequatur ipsum repellat qui. Ratione veritatis quas hic dolores sed corrupti magni.','1995-09-10 21:46:40'),(87,'est',31,'Id quod provident est ab. Ut earum animi aut ut nobis dicta sapiente. Officia ut vel qui sunt. Error esse natus quisquam corporis cupiditate.','1974-01-04 08:31:26'),(88,'et',30,'Facilis illum quibusdam tenetur adipisci et consequatur doloremque. Ea quod sit illo officiis cum nam quia ut. Quasi blanditiis aut nihil soluta. Qui amet esse accusamus voluptatem.','1980-03-28 17:00:23'),(89,'sint',21,'Autem autem assumenda debitis nesciunt quo rerum est. Ipsa fugit et qui voluptas nihil ipsa. Aut aliquam sed aut non.','1986-05-21 18:43:37'),(90,'nesciunt',75,'Modi non ea illo velit maiores occaecati. Corrupti quia magnam dignissimos facere. Quae praesentium voluptatibus labore quo sequi veniam.','2016-04-24 22:04:08'),(91,'veniam',22,'Qui voluptates sunt consequatur. Quia eaque magni quod nemo est. Reiciendis eos id autem nesciunt autem. Enim qui dolorem quibusdam sit.','2011-07-12 16:01:33'),(92,'ut',57,'Quo sint quo maiores veniam. Id est tenetur odit dicta minima deserunt. Est id quaerat ut nemo.','1996-08-07 18:00:06'),(93,'iusto',12,'Sint aut recusandae est nihil in esse. Dolorum modi quidem inventore est quasi sunt sed sed. Unde soluta minima voluptas dolor quas rerum pariatur. Non quia id itaque impedit quo.','1989-03-01 10:37:01'),(94,'excepturi',81,'Quasi voluptatem illo dolor esse totam optio et. Et culpa autem quaerat omnis. Impedit cumque non hic.','2015-03-05 16:21:23'),(95,'quae',8,'Ex est ipsum et a est a quam. Doloremque nisi neque quis placeat nihil accusamus.','2017-11-03 22:04:05'),(96,'asperiores',9,'Voluptatem doloremque reiciendis voluptate non. Aut rem architecto consectetur ut.','1988-03-06 23:41:14'),(97,'occaecati',79,'Molestiae beatae quos tempore nihil. Mollitia consequuntur quos earum voluptatem. Consectetur voluptas unde id ea dolore et aliquam. Itaque vero tenetur earum et.','1986-01-05 06:26:43'),(98,'natus',62,'Voluptatem illo repellendus minima quo totam ratione incidunt. Quod et itaque qui. Expedita illum sint aut. Et consequatur provident non eos impedit omnis animi totam.','1994-06-20 13:57:40'),(99,'ipsam',7,'Qui dolorem mollitia animi velit sit explicabo nulla aperiam. Eum officia vel magni est. Ex corrupti omnis officia excepturi aut aut sit. Ipsam quia officiis recusandae voluptas eum.','1990-08-26 11:52:30'),(100,'praesentium',74,'Qui qui qui dolor. Qui ipsa non eveniet quo aperiam autem voluptas. Debitis illo autem quia et.','1990-08-05 15:13:27');
/*!40000 ALTER TABLE `photos` ENABLE KEYS */;
UNLOCK TABLES;

--
-- Table structure for table `photos_response`
--

DROP TABLE IF EXISTS `photos_response`;
/*!40101 SET @saved_cs_client     = @@character_set_client */;
/*!50503 SET character_set_client = utf8mb4 */;
CREATE TABLE `photos_response` (
  `response_photo_id_to` bigint unsigned NOT NULL,
  `response_user_id_from` bigint unsigned NOT NULL,
  `response_type_id` bigint unsigned NOT NULL,
  PRIMARY KEY (`response_photo_id_to`,`response_user_id_from`),
  KEY `response_user_id_from` (`response_user_id_from`),
  KEY `response_type_id` (`response_type_id`),
  CONSTRAINT `photos_response_ibfk_1` FOREIGN KEY (`response_photo_id_to`) REFERENCES `photos` (`id`),
  CONSTRAINT `photos_response_ibfk_2` FOREIGN KEY (`response_user_id_from`) REFERENCES `users` (`id`),
  CONSTRAINT `photos_response_ibfk_3` FOREIGN KEY (`response_type_id`) REFERENCES `response_types` (`id`)
) ENGINE=InnoDB DEFAULT CHARSET=utf8mb4 COLLATE=utf8mb4_0900_ai_ci;
/*!40101 SET character_set_client = @saved_cs_client */;

--
-- Dumping data for table `photos_response`
--

LOCK TABLES `photos_response` WRITE;
/*!40000 ALTER TABLE `photos_response` DISABLE KEYS */;
INSERT INTO `photos_response` VALUES (15,54,1),(35,88,1),(43,18,1),(43,34,1),(61,78,1),(78,90,1),(80,83,1),(85,9,1),(96,42,1),(100,30,1),(2,20,2),(4,2,2),(9,8,2),(30,2,2),(37,27,2),(39,5,2),(42,97,2),(46,58,2),(53,10,2),(60,58,2),(72,58,2),(77,90,2),(79,5,2),(89,10,2),(94,67,2),(97,65,2),(1,96,3),(33,20,3),(35,18,3),(36,55,3),(41,56,3),(51,37,3),(53,76,3),(66,73,3),(69,100,3),(88,70,3),(92,48,3),(93,62,3),(97,100,3),(99,64,3),(13,61,4),(27,80,4),(28,55,4),(31,10,4),(34,74,4),(43,92,4),(44,7,4),(44,65,4),(46,7,4),(50,37,4),(66,99,4),(74,58,4),(80,11,4),(85,84,4),(91,37,4),(92,5,4),(96,40,4),(9,70,5),(22,65,5),(24,2,5),(24,68,5),(44,41,5),(47,84,5),(56,58,5),(67,80,5),(85,49,5),(87,67,5),(93,19,5),(4,24,6),(7,38,6),(13,6,6),(38,16,6),(41,32,6),(49,57,6),(50,29,6),(71,42,6),(73,95,6),(75,14,6),(86,95,6),(99,96,6),(3,32,7),(12,52,7),(13,51,7),(13,99,7),(26,47,7),(28,8,7),(32,98,7),(52,49,7),(56,68,7),(60,76,7),(63,39,7),(68,65,7),(72,43,7),(78,87,7),(81,1,7),(82,58,7),(87,5,7),(98,11,7),(99,77,7);
/*!40000 ALTER TABLE `photos_response` ENABLE KEYS */;
UNLOCK TABLES;

--
-- Table structure for table `posts`
--

DROP TABLE IF EXISTS `posts`;
/*!40101 SET @saved_cs_client     = @@character_set_client */;
/*!50503 SET character_set_client = utf8mb4 */;
CREATE TABLE `posts` (
  `id` bigint unsigned NOT NULL AUTO_INCREMENT,
  `user_id` bigint unsigned NOT NULL,
  `post` text,
  `created_at` datetime DEFAULT CURRENT_TIMESTAMP,
  `updated_at` datetime DEFAULT CURRENT_TIMESTAMP ON UPDATE CURRENT_TIMESTAMP,
  PRIMARY KEY (`id`),
  UNIQUE KEY `id` (`id`),
  KEY `user_id` (`user_id`),
  CONSTRAINT `posts_ibfk_1` FOREIGN KEY (`user_id`) REFERENCES `users` (`id`)
) ENGINE=InnoDB AUTO_INCREMENT=101 DEFAULT CHARSET=utf8mb4 COLLATE=utf8mb4_0900_ai_ci;
/*!40101 SET character_set_client = @saved_cs_client */;

--
-- Dumping data for table `posts`
--

LOCK TABLES `posts` WRITE;
/*!40000 ALTER TABLE `posts` DISABLE KEYS */;
INSERT INTO `posts` VALUES (1,1,'Expedita minus accusantium nihil placeat nesciunt. Dolor ea ut aut aut in fuga. Omnis quia tempora in accusamus. Officiis eos quod et eius.\nEsse quia quia ad illum blanditiis. Sit laudantium architecto expedita incidunt recusandae saepe. Provident corporis delectus voluptas praesentium molestiae.\nSit in aliquid et officiis est rerum. Cumque perferendis quas vero aut. Ea sunt facilis rem est. Non et earum hic autem maxime reiciendis suscipit.','1996-03-28 01:21:41','1972-11-15 14:58:20'),(2,2,'Sint libero enim cum ea vero velit. Maiores occaecati nisi eaque dolores itaque. Aspernatur iusto neque sapiente eveniet. Eum aliquid maiores dolores architecto modi est.\nDoloremque minima iste quis unde voluptates cum architecto. Quo unde ut beatae iure veritatis vel.\nQuae dolor totam vero expedita ad ex. In nesciunt nam eaque fugiat aut. Culpa amet quia eos nisi quo quam rerum.','1974-06-26 03:59:20','2004-09-18 10:30:18'),(3,3,'Qui maxime dolor quas. Voluptate iste eveniet iusto dignissimos modi voluptatum exercitationem. Et voluptatem sit voluptatibus atque commodi eos dolores.\nEt dicta sed a porro beatae repellat. Suscipit mollitia quam nemo nulla consequatur quidem possimus. Nesciunt perferendis fugiat consequatur sit qui tempora dolorem. Voluptatem pariatur fuga et.\nSit omnis quia et molestias vel. Ut autem omnis id sed. Velit qui facilis perferendis ea pariatur totam qui. Quia similique omnis est aliquam.','1979-10-04 15:59:07','2014-02-06 16:33:09'),(4,4,'Et porro labore ullam dolorem est. Cum saepe dolorem voluptatem et. Nemo aspernatur et dolore officiis quod temporibus.\nVel molestiae sed assumenda ut rerum. Voluptatibus aliquam nemo suscipit perferendis consequatur. Sint perferendis quisquam omnis magnam.\nVelit aliquam voluptates sunt repudiandae quasi qui sed. Et et ullam nisi delectus qui. Minima voluptates id qui vero esse odit voluptatum. Necessitatibus et tempora id fugit labore tenetur.','2020-02-05 08:37:38','2011-02-28 00:33:40'),(5,5,'Sint dolor dolor quidem aut. Libero consequuntur hic est ut optio. Consectetur consequuntur quas reprehenderit.\nQuaerat excepturi voluptatibus aut non quaerat. Enim saepe ab alias totam deserunt. Esse itaque rem cumque a modi cum.\nDicta atque labore velit officia sit asperiores. Est recusandae quia quia id vitae quis. Labore officia sit tempora et esse dignissimos nostrum quisquam.','2012-08-24 03:58:39','2005-08-12 06:20:41'),(6,6,'Ullam quo nihil a autem rerum. Sed sequi maiores et aperiam.\nQuod aut molestias illum. Sint ex expedita non quam. Aut temporibus animi qui ipsam accusamus provident sit. Sit vel sed ea sint accusantium.\nEa impedit sed inventore ex alias. Sit velit aspernatur dolor ratione nesciunt.\nFacere perferendis fugiat explicabo eos eum qui quas eveniet. Accusamus aliquam libero velit soluta mollitia eum commodi. Porro quidem voluptatum nemo sunt quia voluptatem perferendis quibusdam.','1975-06-19 23:58:45','2010-12-16 09:17:20'),(7,7,'Esse sit consectetur praesentium et similique et deleniti. Placeat asperiores aperiam dicta occaecati voluptatem excepturi. Dolorum consequatur ullam aut non. Quo rerum eveniet animi praesentium dolor.\nIpsam eum delectus quia. Deleniti sunt fuga facilis inventore. Sed in error quisquam quo aut.\nFuga recusandae voluptas consequatur ipsa expedita ea dolor. Cum corrupti ratione nobis quis possimus quos sit dolorum. Sed fuga debitis optio. Et beatae ut delectus quisquam non velit.','1974-02-21 14:27:27','1987-06-20 10:24:05'),(8,8,'Ea explicabo omnis est non vero magnam ipsa. Debitis eaque corporis incidunt sed. Sapiente architecto eveniet ea quia ratione natus consectetur.\nReiciendis dolorem nisi quia recusandae. Eum eligendi eos quidem porro veniam ipsa voluptas veniam. Quibusdam illo deserunt eveniet ut. Repellat amet id nam aut neque ut voluptatem occaecati.','1992-04-13 16:40:45','1997-05-05 07:15:25'),(9,9,'Esse vitae accusamus impedit dolorum est culpa dolorum. Ut molestias voluptate et vitae magni. Labore aut voluptas dolorem quis ipsam temporibus. Facilis ducimus excepturi ipsam.\nReiciendis non beatae et est qui perspiciatis aut. Sit illo perferendis quasi accusamus.\nNon quam ea sunt mollitia laudantium. Quas qui suscipit earum excepturi optio aut soluta. Sint occaecati dolores consequatur architecto quam ut consequatur. Et aut sint hic autem.','1989-03-02 11:15:05','1982-12-08 01:00:12'),(10,10,'Praesentium illum vitae magnam perspiciatis. Aut iure omnis nihil rerum a. Ea dolorum aliquam et ab cumque nihil. Accusantium magni aut ducimus laborum.\nAssumenda neque nam vitae eum ullam. Voluptas mollitia veniam voluptatem minus. Alias et tempore incidunt minima perferendis. Est debitis illo culpa illo modi hic aut velit.\nVel voluptates consequuntur dolores doloremque ab. Earum sit vitae corporis et. In consectetur dolor sit omnis distinctio.','1988-08-21 11:59:14','1988-01-25 01:05:27'),(11,11,'Cupiditate dolor id dolor quos. Quae velit doloribus quia et porro velit et. Consectetur nihil qui sint qui unde sed aliquam. Est dolorem doloremque fuga inventore aut.\nQui et aut ad veniam velit illum laborum. Vel et eligendi sequi deleniti voluptas facilis veritatis quia. Consequatur est laboriosam quam officiis. Omnis amet commodi est commodi et.\nRem illo rerum nemo est ut doloribus. Molestias quo dicta quaerat ad sed. Nesciunt sed facilis incidunt mollitia voluptas sequi earum.','1998-04-03 20:22:58','1996-03-13 18:42:55'),(12,12,'Eos rerum non nobis unde. Quis quasi saepe ad libero aut aut tempore. Qui quibusdam provident asperiores et culpa. Itaque sint sapiente dolores qui et.\nProvident occaecati aspernatur minima saepe qui ea. Consectetur aperiam nihil neque voluptates suscipit et et. Aliquam in amet aut officia temporibus. Officiis laborum optio vitae cupiditate hic quia. Repudiandae vitae explicabo vel facilis ipsum pariatur.','1988-01-27 10:41:33','2016-08-19 20:33:42'),(13,13,'Quaerat aut ut cupiditate aut nobis. Et deserunt nulla in accusamus. Totam a maiores dolorem rerum quas qui rem qui. Veritatis unde corrupti quisquam qui.\nExpedita molestias dolore placeat tempora eum. Repudiandae amet sit autem sunt eos cupiditate amet. Tempore esse esse perspiciatis enim quia deleniti. Unde reiciendis officiis doloremque dolore. Inventore qui non nostrum qui eligendi laboriosam.','2005-05-30 11:21:55','1977-05-23 06:59:13'),(14,14,'Velit temporibus quo accusamus ullam quas. Incidunt aut repellat itaque modi velit. Atque autem nobis vel quasi nemo sunt. Aperiam perspiciatis nobis voluptatem velit saepe ut.\nEst accusantium veniam voluptate est perferendis. Et nostrum amet quia non ea esse possimus. Eum aliquam qui maxime soluta possimus omnis ut.\nAut quasi labore numquam et nihil. Vitae unde ut nisi a. Nihil aspernatur et voluptas ut voluptas.','1971-12-25 14:32:49','2014-06-08 22:21:19'),(15,15,'Et maxime officiis eos dolores aut. Provident consequatur quis a quia. Dolores nobis corporis odio.\nCorporis illo ut voluptatem commodi repellendus sunt. Natus quo amet sit fugiat quasi velit hic commodi. Quia et et maiores dolores.\nVoluptate nisi labore consectetur consequatur omnis cupiditate voluptatem. Et occaecati impedit totam laudantium. Deleniti autem voluptas blanditiis aut voluptatem eius.','2014-11-13 06:34:52','1996-11-25 06:09:06'),(16,16,'Voluptate et dolorum dolorem et. Necessitatibus similique et voluptates dolorem est reprehenderit voluptatem. Cum rerum possimus excepturi labore molestias voluptates quidem.\nDebitis quidem numquam incidunt pariatur magni. Nulla iure aut vel maxime qui. Labore odio ut rerum ratione. Dolor eum tempora aperiam velit autem.\nConsequatur repudiandae quia ad eos molestiae. Ut natus at commodi non. Ut eum voluptas aut voluptates.','2001-09-12 23:11:33','1983-01-01 11:21:48'),(17,17,'Error magni magni qui cum nulla. Et harum illo esse. Nesciunt beatae et consequuntur ipsa.\nVel minima est quia est amet. Facere totam tempore dolores voluptatem et. Voluptas qui eos non facilis culpa.\nMaiores quia deleniti repellendus culpa sit excepturi. Non mollitia eveniet ut. Ab autem omnis dolorum.\nAdipisci et dolor voluptas ea ut quia vero. Dignissimos voluptatem delectus quis doloribus ut.','2012-07-03 03:38:53','1985-06-21 21:35:08'),(18,18,'Et quia fugiat rerum voluptatum ea. Laboriosam sed voluptates qui neque soluta. Quis dolore quibusdam rerum nisi voluptas eaque labore aut.\nArchitecto ex tenetur dolor qui consequatur expedita veritatis. Qui fuga minus explicabo est debitis eos cum. Modi blanditiis similique qui repellendus.\nIste consequatur aut similique aut saepe dolores nihil. Debitis doloribus voluptatem id in et. Fuga voluptates esse sit non deserunt possimus.','1975-12-18 11:25:04','1988-11-20 15:54:45'),(19,19,'Aut quis accusantium asperiores cupiditate velit et eum. Expedita quo modi assumenda quidem asperiores. Et rerum assumenda quis est culpa voluptatem ducimus. Totam culpa sapiente consequatur consectetur. Unde cupiditate ut ipsum omnis.\nEst aut iusto praesentium modi fugiat. Labore ut et quos nisi. Qui consequatur minus vel quia repellendus. Est repudiandae saepe consectetur cupiditate repellat eum at.','1984-01-07 11:31:11','1970-08-10 17:23:26'),(20,20,'Dolorum necessitatibus eos ut ipsam laborum quis. Laboriosam id voluptatem eaque qui laboriosam. Ratione ex ad porro delectus.\nUllam quasi totam neque necessitatibus in. Repudiandae asperiores quo libero unde assumenda. Iusto iste inventore omnis deleniti. Soluta quidem ut recusandae aperiam.\nQuibusdam perferendis ea qui omnis. Provident animi voluptas quia. Modi quis esse minima enim quis. Omnis in cumque ratione eos amet eligendi.','2018-01-01 17:09:27','2002-12-18 12:15:06'),(21,21,'Est est voluptatem nihil. Sapiente debitis ut maiores non.\nAccusamus cupiditate est in quas. Vel ut vel et id illum nemo magnam tempore. Quia ut aliquid nobis aliquid sit.\nIpsum quia deserunt aut tempora consectetur voluptatum. Quis ipsa repudiandae consequatur adipisci amet. Asperiores eum soluta ab quidem natus sunt doloribus.','1980-03-07 04:09:20','2019-06-20 09:16:28'),(22,22,'Consequatur perspiciatis voluptatem et possimus pariatur iste eligendi. Deserunt aliquam repellendus laborum eum. Architecto nulla repellat ipsa et. Sed blanditiis id deserunt quasi nulla. Ipsum dolores ea esse ullam voluptatem ut.\nCum quia omnis et qui odio voluptates nisi. Tempora illum ratione est distinctio.\nFacilis qui qui consequatur similique dicta dolorum dolor. Accusamus quia facilis expedita laudantium. Autem fugiat sunt est fuga maiores facere soluta.','1980-12-11 06:01:58','2000-05-12 07:05:37'),(23,23,'Similique qui dolores repudiandae. Fugit est tempora est non minima. Assumenda maiores dolorem officia nostrum consequatur cum.\nVoluptas enim dolores aut. Vel nesciunt hic consequatur nobis omnis eos.\nAut distinctio quidem voluptas sed. Omnis quos nisi architecto iusto et.\nImpedit minima sunt in explicabo hic odio. Laudantium incidunt in dolores et dolor explicabo velit. Ea temporibus perferendis vel quidem dolore. Nesciunt molestias sed modi est nihil qui.','1983-09-13 23:34:36','1976-04-22 09:58:49'),(24,24,'Libero et tenetur repellat in facilis architecto. Cum assumenda itaque mollitia animi distinctio. Architecto officia dolorem assumenda consequatur blanditiis.\nSapiente ea fuga sed a eligendi. Ad quod corporis dignissimos. Tempora dicta beatae praesentium occaecati quas qui doloribus.\nQuos fugiat rerum ipsa est ducimus. Repellendus explicabo sunt consequatur omnis illo molestiae. Sint molestias assumenda deleniti dolores sit illo quaerat odio. Ut ut fuga in.','1973-11-22 21:47:42','1973-07-12 19:10:53'),(25,25,'Vel quos ut qui porro rerum. Et enim porro vel et sit. Ad quia magni nesciunt debitis. Consequatur aut commodi omnis odio quia.\nNon consectetur consectetur tempora. Veritatis excepturi enim quia autem. Sunt voluptatum in assumenda fuga exercitationem impedit dolorem.\nQuisquam dolores officiis id aut cupiditate eos. Velit ratione sed in deserunt quis doloribus. Natus id numquam fugiat.','1976-12-09 15:19:16','2017-03-20 06:20:27'),(26,26,'Qui molestias et ut et beatae esse ut. Facere quasi qui itaque nobis dolorum iure. Laborum corporis vitae et in aperiam vitae quo.\nCulpa repellendus explicabo molestiae aperiam autem. Inventore nihil necessitatibus quaerat perspiciatis. Odit aut delectus consectetur quas non voluptas.','1994-07-13 07:53:25','2001-05-02 19:37:07'),(27,27,'Repellat qui necessitatibus atque assumenda perspiciatis. Blanditiis ea et et nam est. Sed sit voluptate blanditiis itaque temporibus fugiat. Vero at tempora sed est voluptas.\nBeatae dolorum et deleniti sed maxime. Nobis ratione ut quisquam corporis veniam dolorem ut. Quas quos officia sint omnis.\nEum rerum modi totam. Commodi dolorum incidunt sapiente et quia. Aspernatur vero beatae cumque ut.','1984-05-09 01:31:59','2020-04-12 02:23:51'),(28,28,'Sequi quia aut dolores ducimus sed alias. Rerum ab quasi eius commodi et enim. Magnam in corporis itaque saepe.\nDistinctio culpa neque laudantium voluptatibus. Asperiores quia et nisi voluptatum sunt autem modi. Libero veritatis veritatis rem repellat sit. Ipsa possimus dolorem qui aspernatur voluptatibus temporibus possimus.\nSuscipit incidunt id illum eos. Neque dolore est quod ab occaecati. Sed quibusdam qui earum sunt. Laudantium minima quibusdam est voluptatibus qui iusto quis.','1973-05-06 10:58:22','1976-10-11 23:15:15'),(29,29,'Aspernatur cumque qui iusto quos qui qui laboriosam. Ipsam quis aut consequatur unde asperiores. Eum et ut rem repudiandae. Libero aperiam aperiam non rem eos.\nVero alias minima esse doloremque voluptas tempora neque. Maxime aut alias tenetur pariatur porro voluptas consequatur minima. Sunt expedita aperiam rem non voluptas culpa eveniet aut.\nEx doloremque nobis aliquid adipisci. Cumque ea aut eum nam.','2015-09-05 12:12:37','1988-03-09 00:21:06'),(30,30,'Qui eum sapiente atque placeat ullam. Quo voluptatem in ut nihil nulla velit nam. Doloribus alias accusamus ullam temporibus nam itaque. Est culpa illum aut ea.\nEx quo provident fugiat ullam dolorem omnis sunt. Unde ad rerum qui architecto. Minima beatae necessitatibus quisquam repellat quibusdam enim consequatur. Illum laborum modi quis sequi culpa ullam doloribus.\nConsequuntur quidem ut id consequatur. Velit molestias corrupti pariatur labore tempora modi sit. Quis non magnam ut eligendi ut.','1999-10-15 13:31:43','1980-09-20 07:39:16'),(31,31,'Voluptatibus dolore mollitia asperiores facilis magnam enim sed. Deserunt illo beatae sequi laudantium quasi molestiae consequatur excepturi. Error facere enim nihil tempora eligendi et.\nFugit eligendi alias ex alias amet dolorem. Vel voluptas ea unde qui voluptates. Rerum odio odit maiores quis. Minus error necessitatibus eaque esse saepe aspernatur et dignissimos.\nId laborum vel aut quia. Et voluptas perferendis omnis omnis ab ut. Aut architecto dolorem et deleniti rerum.','1996-04-10 04:13:15','1982-11-14 20:52:58'),(32,32,'Aut accusamus enim in at aut nostrum. Voluptas et magnam pariatur officiis rerum explicabo nostrum. Voluptate architecto a maxime quaerat magnam quasi. Quisquam fugiat quidem consequatur dolores.\nRepudiandae tenetur pariatur culpa ea pariatur iste et. Molestias fugiat fugit ut accusantium odio laboriosam magnam rerum. Voluptas omnis rem aut. Vel culpa nihil sed.\nVoluptatem sapiente omnis iure vitae ut. Sint autem modi aut.','1981-03-17 20:46:54','2000-11-10 04:57:43'),(33,33,'Pariatur assumenda animi cumque ad. Fuga similique odio accusantium. Ipsam omnis eum quia asperiores dolores at.\nMagni aut officia omnis ut. Optio et sequi odit voluptatem deleniti cupiditate ut. Aperiam illum ad error delectus quam. Quo pariatur ut rerum et ea adipisci facere.\nMaiores nihil laboriosam fugiat accusamus. Ab assumenda et sunt perferendis expedita nihil error. Ut ex laudantium labore ullam.','1989-09-18 09:48:53','1971-06-01 08:23:57'),(34,34,'Possimus iure molestias repellat ipsam repellendus natus. Aut vero aut facilis. Optio atque quisquam doloribus sit.\nConsectetur exercitationem facere ut unde. Quam quisquam necessitatibus animi. Quisquam dolor delectus id porro modi rerum cupiditate. Explicabo molestiae maxime quod maiores perspiciatis eius et.','1983-09-03 14:55:10','2014-05-05 10:05:46'),(35,35,'Laudantium eveniet doloribus accusamus modi consequatur eius veritatis. Voluptatem consequatur officia fugit. Quae dolore corrupti ab accusamus quam aut.\nEa vero ducimus magnam labore ipsa. Maiores unde nihil laborum sed expedita. Sint quisquam qui et impedit inventore est.\nAlias est incidunt earum. Quia earum aut quo nobis nisi unde blanditiis. Mollitia mollitia quidem placeat quia dolorem sit est.','1998-12-03 19:40:55','1988-10-23 21:07:33'),(36,36,'Suscipit atque dicta voluptas nemo. Qui beatae ut reiciendis fuga laudantium. Sunt totam qui qui voluptas quo veniam.\nEa impedit et animi est quos doloremque. Adipisci doloribus in quaerat quaerat et porro et. Quia dicta quo veritatis dolor.\nUt perspiciatis ex et incidunt. Numquam occaecati vero tenetur nihil ex. Non in ut sit velit. Esse autem ipsa quia quis quibusdam placeat.','2016-10-09 06:05:59','1974-07-22 19:19:40'),(37,37,'Velit et non quod est. Qui at sed quam. Quo sapiente quos autem id nisi.\nSimilique est quia in sit. Tenetur placeat velit ut et labore minus.\nNisi quis voluptatibus similique consectetur. Et ex eos molestiae quis expedita quam fugiat. Vitae nemo aut voluptatem et non reprehenderit aut. In laborum voluptas et doloribus iure fugit eum.','1977-10-03 10:45:29','1975-06-29 12:44:02'),(38,38,'Minus natus aut eos voluptatem aut. Exercitationem cum tempora quis doloribus labore occaecati alias. Omnis facilis architecto iure ut itaque nihil quia. Dolorem non dicta qui eaque ea.\nRerum excepturi iste sint et nam at. Aut ea sequi officia esse et ut deserunt. Eligendi ratione cumque earum quibusdam. Tenetur sit cumque occaecati occaecati impedit aut quia.\nLaboriosam recusandae ducimus tempore voluptates nesciunt. Sit occaecati nemo accusamus voluptatibus dicta saepe incidunt mollitia.','2004-01-04 19:23:44','1993-03-05 15:06:48'),(39,39,'Et id soluta sapiente debitis inventore dolorem sed impedit. Doloremque et a ut ut dignissimos esse enim. In doloribus aut quidem voluptates. Dicta doloribus sint sit natus vel et possimus.\nOmnis minus est illo iusto quo voluptatum. Sit accusamus eius omnis mollitia omnis est deleniti. Molestiae voluptatem nihil ea dolores. Aut iste quos optio voluptas ut eum.','1974-03-21 05:43:15','2009-01-04 10:33:02'),(40,40,'Ipsam possimus exercitationem consequatur eveniet unde explicabo voluptates. Eum amet quis sunt fugiat ullam. Laboriosam ab corrupti perferendis nihil consequatur.\nIn consequatur provident quia nobis. Voluptas id explicabo non nam in fugiat nihil. Repellendus eius minima distinctio enim nam necessitatibus. Dolore quidem est soluta ut assumenda consequatur.','1994-12-14 21:18:21','1996-03-05 12:29:14'),(41,41,'Odio aut molestiae consectetur optio itaque autem. Soluta eos voluptas et nulla mollitia reiciendis placeat. Quia fuga soluta alias sunt sed cumque.\nEos illo quae quae aliquam reiciendis suscipit vel. Aliquid quas quod optio eos harum officia et harum. Ut labore sint eligendi.\nTemporibus at consectetur ducimus velit. Corrupti vel commodi ut id culpa eos. Nihil ipsam quia nobis voluptatibus ab sequi voluptatem voluptatem. Quam sed placeat minima molestiae ut.','1973-02-11 04:19:21','1978-08-02 15:33:28'),(42,42,'Neque ex corporis corporis quos et. Modi vitae temporibus cumque fugit odit vel repellat. Est aperiam porro quisquam dolorem.\nId alias ut quo. Ut excepturi ipsam aperiam. Rerum numquam voluptates quaerat ea. Repudiandae autem iure qui molestiae corporis et.\nOdit totam perferendis non aut neque incidunt impedit tenetur. Eligendi sed sed laborum praesentium ab maxime. Numquam et labore provident et at.','2013-08-28 20:20:43','1999-10-25 14:07:44'),(43,43,'Nihil tenetur esse ut enim laborum commodi. Delectus qui aliquam quaerat sequi suscipit fuga. Iusto laudantium totam officia ut quas aut.\nCommodi autem quod quos asperiores vel sequi. Qui est inventore nihil similique. Temporibus expedita eum velit fugiat culpa. Omnis vel velit blanditiis in.\nMaiores quas officiis a qui consequuntur tempora. Excepturi sed tempora et omnis eaque. Cum qui delectus at voluptate.','2015-09-13 08:43:48','1981-10-17 09:03:48'),(44,44,'Repudiandae est quo deserunt excepturi nesciunt sunt. A facilis nesciunt enim quis. Perferendis placeat vel ducimus impedit.\nMolestiae saepe commodi consectetur illo. Ut dolor unde vitae voluptas. Quia vel pariatur ut cumque.\nVoluptatem repellat eaque omnis neque et nobis eum. Sapiente ut exercitationem atque recusandae. Nobis occaecati dignissimos expedita voluptatum.','1997-07-29 01:29:14','2010-04-02 21:07:28'),(45,45,'Impedit tempora necessitatibus sint enim. Et est ea nesciunt qui mollitia ea maxime.\nTemporibus voluptatem quos maxime rerum eaque eum provident nesciunt. Voluptatem magni vitae eos est sit illo. Dicta quasi reprehenderit velit in sit.\nLaborum sequi aliquid architecto sapiente voluptatem soluta natus. Qui mollitia aut nemo impedit voluptas dolor consequatur. Dolor ex consequuntur autem sit veniam perferendis.','1997-09-22 05:56:27','1991-06-03 20:18:33'),(46,46,'Architecto reprehenderit consectetur culpa rerum. Suscipit quam molestiae nesciunt pariatur. A consequatur et cupiditate vitae facere.\nLaudantium quia aliquid inventore necessitatibus sed doloremque voluptas. Et provident enim fuga nulla omnis omnis. Magni eius esse dolorem exercitationem quaerat.\nSed necessitatibus et quis ea ut ut molestias. Nisi ut qui neque facere dolore labore possimus. Vitae dolorem aut ipsam facere. Officia temporibus libero illum veniam et.','1994-04-10 12:13:17','2003-01-12 02:52:49'),(47,47,'Iste quia facilis est dolorum et. Et consequatur dolorem illo veniam eveniet porro et. Pariatur et distinctio suscipit. Provident deleniti repellendus aperiam velit.\nAut omnis nam qui sint. Illo natus fugit laudantium repellat. Debitis facilis adipisci ratione molestiae laboriosam animi. Tempore laboriosam quo non. Inventore sequi odit voluptatem minima sunt quia voluptatum.\nPlaceat ratione non repellendus ratione eius et. Voluptas quis error ab. Qui illum iusto ut.','2001-05-22 17:33:06','1976-07-04 03:59:04'),(48,48,'Distinctio doloremque itaque nam. Ipsum quod quae assumenda minus.\nMollitia nulla fugiat autem fuga nesciunt minima. Magni ipsam eos ipsum dolorum ducimus deleniti. Praesentium labore corrupti autem numquam nobis molestias quia. Laboriosam natus modi dolor rem.\nRatione labore ut et et placeat. Omnis facilis minus non. Ut molestiae perspiciatis et et.','2009-10-25 13:53:12','1988-06-14 01:47:34'),(49,49,'Autem ipsam consequatur ipsam sed magnam velit. Labore excepturi quod sint asperiores ipsa. Nihil architecto aspernatur ut laudantium magnam. Maxime et fuga assumenda sapiente laboriosam magnam voluptatem.\nQuae deserunt ut recusandae sed sed non iste. Aspernatur illo illo et et corporis in repellat consequatur. Voluptates nihil rem repellendus voluptate saepe ratione.','2009-03-25 18:15:49','1997-03-04 16:42:52'),(50,50,'Ipsum enim veritatis quam. Sit similique voluptas dolores. Ab atque qui voluptas omnis. Cum voluptas iusto voluptatem quia optio.\nAmet ea illum aliquam rerum velit qui. Quibusdam mollitia aspernatur tempora consectetur inventore quis id. Non dolor rerum et maxime dolor animi et.\nAtque fugit deleniti saepe odio rerum corrupti. Est blanditiis molestiae aperiam corporis possimus. Exercitationem et hic ut consequuntur sit voluptatem.','1984-02-18 03:28:06','2002-10-15 01:50:27'),(51,51,'Impedit eius qui est cum ut. Numquam explicabo rerum sint qui eius natus cum eos. Fuga veritatis laudantium cum nihil et. Repudiandae repudiandae aut ea quibusdam animi dolorem corrupti.\nEaque odio voluptas provident quo rerum voluptatum. Vero quia aperiam adipisci ut aut quia. Qui numquam rerum est ut voluptatem ad adipisci odit. Quidem at nostrum nulla molestias qui et nostrum.','2002-11-02 14:32:57','1995-09-16 16:05:09'),(52,52,'Fugit officiis fugiat suscipit odit quibusdam quam. Ipsam assumenda dolore iure deserunt dolorem. Praesentium id voluptas eveniet ut nihil. Error quo et porro aut ut.\nReiciendis ipsum repellat autem asperiores recusandae eveniet. Et odio et aut. Dolor sapiente ex ipsam et laudantium quidem.\nTemporibus sit delectus at libero autem amet. Esse unde facere tenetur quia dolorem earum. Atque nulla sint quod ad in excepturi. Facilis dolor rerum nihil deserunt.','1970-02-02 09:16:08','1975-03-24 00:13:06'),(53,53,'Eum et quasi in atque magni omnis at voluptatibus. Soluta non sit voluptate accusamus aut. Natus ut ut cum accusantium. Aut ut eveniet illo possimus excepturi.\nNesciunt neque doloremque repellat qui impedit. Quia quas consequatur hic. Harum quia qui enim quo.\nUt quo molestias nihil omnis. Id sit illo consequuntur neque et fugit modi. Molestiae pariatur ut corporis magni numquam.','2008-06-01 17:17:47','1993-10-14 19:52:21'),(54,54,'Assumenda reiciendis occaecati voluptates hic culpa et porro. Cum placeat repellat aspernatur aut ad qui. Voluptatem neque ex quia nesciunt soluta numquam.\nPraesentium delectus quidem ut tempora. Repellendus ea impedit minima mollitia quod. Ut explicabo quia et tempore cupiditate est et rerum. Soluta et nulla dolorum minus.','1978-07-04 10:42:58','2016-11-28 05:53:38'),(55,55,'Inventore voluptatum quidem atque amet doloremque qui. Deserunt doloremque illum autem aut minima sint. Nisi fugit maxime pariatur hic.\nDelectus ea nihil eius fuga sed tempora. Aut ad asperiores qui reiciendis ut. Soluta consectetur est earum iste ut doloremque.\nRepellendus tempore error ducimus ea laborum molestiae ex placeat. Voluptates ut fugit veniam voluptatibus quidem. Commodi quia neque in aliquid eligendi. Quia illo reiciendis esse vel velit.','1988-12-24 04:54:56','1985-10-07 09:11:30'),(56,56,'Sed accusantium dignissimos ea sunt fugiat. Fuga nisi eos et odit ea non vitae. Alias pariatur distinctio quia asperiores et quia est.\nQuos provident rem inventore eveniet magnam dolor. Dolor consequuntur excepturi quis et eveniet sit perspiciatis. Ipsa maxime nemo quia distinctio.\nRem fugiat pariatur modi reiciendis recusandae. Sunt minus autem ea distinctio qui. Maxime provident modi aperiam eius quo voluptatum in molestias.','1979-06-07 06:41:00','1988-08-28 13:24:55'),(57,57,'Sunt inventore ratione ab itaque impedit iusto odio ut. Qui est et velit sit. Qui et tenetur et est qui provident.\nAtque molestiae et consequatur dolore. Qui minima ut explicabo similique accusantium et earum. Deserunt omnis voluptas qui dicta impedit consequatur. Reprehenderit autem quia quas.\nEst sapiente in voluptatem qui quo. Dolorem velit alias ullam placeat. Aspernatur sint aliquid architecto cupiditate.','1992-11-09 07:26:01','1972-03-28 18:46:41'),(58,58,'Omnis voluptatem sunt laboriosam repellat et est. Magnam libero est molestiae rerum. Impedit laborum debitis nam praesentium animi. Eum architecto expedita et qui aperiam quisquam minus.\nEst quis ducimus quo cupiditate ex. Eos officia illum autem sit sit. Temporibus aut reiciendis aut. Sequi id quam et vitae et nisi quidem alias.','1977-10-03 03:29:54','2007-01-02 08:04:14'),(59,59,'Aut illum sapiente officiis. Et rerum laboriosam consectetur occaecati dolorem. Veniam ipsa sit velit ut sequi porro.\nExcepturi quos dicta ab placeat magni numquam. Est est alias nihil dolor. Error tempore necessitatibus rerum ut sit vero ad. Dolorem in ipsa ut sit illum.\nTotam impedit nihil rerum porro libero. Dolorem veniam qui similique qui architecto ipsa aut. Aspernatur mollitia iste eum.','1997-09-22 10:20:23','1987-01-04 01:11:51'),(60,60,'Praesentium velit est beatae odio architecto. Maxime nisi molestiae aliquid ut at aliquam qui. Dignissimos enim nesciunt ut ut. Nobis aut natus et dolores voluptatibus sapiente. Est hic suscipit deserunt voluptatibus.\nDolor quisquam dolores eum accusantium. Ipsa nostrum aut eum repudiandae nulla accusamus quisquam. Quis doloremque quae rerum velit. Nobis perferendis quia magnam in modi enim aperiam.','1985-08-15 19:43:14','1970-08-07 14:10:06'),(61,61,'Sed doloribus explicabo natus omnis distinctio consequatur dolor molestiae. Eos adipisci aspernatur rem natus sed optio vero. Omnis eos sit corporis molestiae et et itaque. Reiciendis quidem voluptatem et quasi culpa.\nEt debitis accusamus corrupti occaecati ea consectetur qui. Qui maxime commodi quas nostrum exercitationem corporis ducimus.','1971-08-27 00:16:37','1974-11-06 05:48:42'),(62,62,'Quo est ad voluptatem. Qui eaque sit qui minus dolores nesciunt ea facilis. Labore doloremque non nesciunt et.\nUnde molestias ab doloremque perferendis nisi ducimus et. Qui voluptate atque qui. Quo exercitationem qui veniam. Quas velit veniam amet voluptate in.\nEa nostrum reprehenderit et voluptas. Possimus earum dolor voluptatem necessitatibus autem ea a. Officiis consequatur voluptas veritatis voluptas assumenda. Quaerat a hic est inventore.','1977-09-25 11:04:08','1974-05-19 21:46:43'),(63,63,'Quas ut sed odio officia magni. Sunt et voluptate ut architecto et qui quia cupiditate. Perferendis eum fugit consequatur voluptatem tempora. Quis inventore necessitatibus a libero.\nCommodi ut aut temporibus voluptatem blanditiis alias quisquam et. Veniam dicta incidunt pariatur harum quia ipsum atque. Omnis sunt at autem excepturi eveniet deserunt. Occaecati ut consectetur molestiae eligendi libero dolore.','1976-04-10 21:44:38','2012-10-19 13:01:53'),(64,64,'Sapiente consectetur possimus mollitia est quia est. Corporis quis non tempore. Aperiam ullam est animi voluptatem est autem est. Voluptatem asperiores error occaecati.\nMolestiae voluptas labore placeat voluptatibus. Ducimus maiores dolore reiciendis. Suscipit dolor ut eos sunt.\nError rem corporis voluptatem quasi voluptatem aspernatur illum et. Dignissimos eaque ipsam sed. Incidunt quod quasi ut debitis qui aut magni.','1990-12-12 13:11:35','2020-04-28 02:20:21'),(65,65,'Minus commodi aut quaerat. Odio non impedit aut velit est sed. In aut natus tempora laudantium consequatur saepe.\nIpsam excepturi ex qui et eum. Amet et optio in sit eos quisquam sequi. Hic dolor harum dolor autem consequuntur et possimus. Harum autem omnis repudiandae est pariatur et voluptatem illo. Ipsa nostrum maxime fugit consequatur neque odit sint dolore.\nVoluptate culpa enim consequuntur id voluptatem. Aperiam qui temporibus quia animi facilis labore aut. Dicta et est tenetur illum.','1996-11-09 13:11:22','1994-10-21 19:23:38'),(66,66,'Nihil illum atque et ad aut. Sunt dolor doloremque quia sed vel. Eos itaque qui repudiandae laudantium facilis.\nIllum aut itaque consequuntur qui aspernatur. Quae error neque laboriosam repellat provident. Deserunt et atque ut neque molestiae placeat. Doloremque tempore autem ut soluta.\nId voluptates in adipisci eveniet ipsam. Tenetur adipisci error perspiciatis ipsam quae consequatur quia. Ex illum tenetur totam hic. Nihil expedita perferendis non molestiae omnis.','2016-12-04 02:18:59','1997-05-10 20:18:40'),(67,67,'Rem doloremque laborum veritatis voluptas nemo ea. Sapiente neque tempore quis minus distinctio quo. Exercitationem quidem sit deserunt quasi repellendus qui.\nUt tenetur dolorem incidunt odio corporis est commodi error. Corporis non voluptatem accusantium dolor. Deleniti sit non suscipit voluptas et culpa aut. Illum similique illo officiis nam sed sunt quo.','1972-01-03 01:05:22','2015-12-24 05:53:03'),(68,68,'Maiores et quae vel et. Quia sed ut quos vitae a. Aut neque qui molestiae unde aut vitae facilis. Dolore consequatur dolores ducimus adipisci sequi. Veniam vel quia inventore recusandae.\nUt optio quo dolores non excepturi. Quia sint rem cum et est est. Assumenda reiciendis voluptas ut dolorem qui dolores possimus. Veritatis error inventore et in cumque.','2014-07-01 08:05:06','1986-02-26 11:44:13'),(69,69,'Illum voluptates odit sed repellendus qui officia nesciunt molestiae. Voluptas unde error eaque cum consequuntur amet pariatur. Et soluta quidem rem nam eum reprehenderit et.\nIpsam ducimus in voluptate aut iure libero qui. Repellendus quo quia quas corrupti magni sit minus. Aliquam assumenda quo officiis optio reprehenderit veritatis odio reprehenderit. Voluptates repellendus omnis ratione qui nemo aliquam.','1971-11-07 16:01:54','1990-10-28 11:51:06'),(70,70,'Ab cupiditate vero voluptatibus saepe totam natus. Necessitatibus ad id reprehenderit vitae molestias eos provident. Voluptas deleniti vel ut sint minima sit enim aut.\nHic modi voluptas soluta dolor sint rem amet. Nihil voluptates similique vero amet. Delectus blanditiis illo eveniet. Et earum sequi magnam sed ea voluptatem.\nIllum maiores accusantium iusto culpa in modi sed. Quidem ullam fuga aut. Qui cupiditate explicabo esse.','1975-10-19 02:21:57','2005-08-06 04:17:21'),(71,71,'Animi magni rerum id facere rerum nemo. Vero sint et iste voluptas.\nAccusamus et adipisci fugiat voluptate. Esse doloribus et facere quia porro. Laudantium architecto repudiandae occaecati commodi repellat tempora et. Repudiandae voluptatum alias dolorum aut iure accusamus cumque.\nQuam recusandae voluptas vero beatae voluptatem. Eum quo id officia impedit rerum a quas.','1985-06-13 02:42:09','1993-03-26 21:42:18'),(72,72,'Voluptatem nesciunt aut corporis qui modi magni. Numquam possimus qui et accusamus est minus labore. Qui consequatur provident labore earum.\nIpsa qui dolore optio amet ea nostrum beatae. Iusto deserunt molestias vitae fugit ea. Dolorum pariatur aspernatur id magnam quisquam laboriosam.\nEt doloribus voluptatem qui placeat. Perferendis maiores dolor sunt odit itaque quibusdam. Sint sed nostrum magni iure sed et. Rem debitis culpa velit in est expedita iure.','2000-11-28 18:21:54','2020-06-09 16:17:43'),(73,73,'Debitis consequatur officia est atque laborum. Libero doloribus aut quia voluptatum eos. Commodi atque minus sint eos debitis dicta ipsum. Perferendis id harum at distinctio explicabo.\nEveniet provident voluptatem qui qui quidem ipsam. Et veritatis totam possimus qui. Possimus est atque aut nulla optio sequi sint culpa.\nHarum repudiandae perferendis necessitatibus inventore porro. Ut id cupiditate non aut nobis quasi doloremque.','1989-09-12 17:59:14','1987-05-19 15:14:57'),(74,74,'Laborum debitis non neque dignissimos impedit tenetur eos. Earum culpa ipsum ex vel. Perspiciatis dolore quasi est est dolor repudiandae veritatis dolore.\nOmnis laudantium ut dolores iure repudiandae reprehenderit debitis. Ut rerum facilis modi sint non vitae enim. Illo eius qui minima laborum ut.\nAutem est voluptates quo ratione natus dolor. Aspernatur id quia in aperiam. Voluptate iusto dolor illum. Ipsum numquam placeat ut repudiandae nemo accusantium qui id.','2005-06-17 12:51:19','1970-08-22 14:42:55'),(75,75,'Ea voluptas voluptas consequuntur quia quas dolore ea. Quis ullam repellendus magni quaerat quas molestiae. Soluta neque ullam commodi aliquid in repellat praesentium. Doloribus porro quos et.\nAccusamus officiis distinctio cum. Consequatur voluptas non necessitatibus rerum ab. Et numquam fuga nisi rerum. Occaecati nihil porro eaque enim ratione.','2017-06-27 21:33:35','1993-12-25 08:43:06'),(76,76,'Quod minima et illo laboriosam fuga expedita. Facere sit illum quia ea quisquam et consequatur. Et quia consequatur laudantium vel similique officiis. Voluptatem dolore ut ut ut.\nNihil expedita a tempora dolor qui ut. Nisi ea adipisci asperiores inventore et nihil ducimus ut. Voluptatem modi sunt quaerat enim. Itaque repudiandae voluptatem dolor itaque molestias excepturi.\nQuisquam aperiam sapiente nobis qui. Aliquid quod maxime fugiat ea velit. Dolorem quo doloribus qui est cumque perferendis.','1979-04-04 13:08:24','1975-03-23 15:06:10'),(77,77,'Molestias eum reprehenderit nulla aperiam. Cum iusto consequatur reprehenderit qui magni nulla. Consequatur architecto recusandae dolorem assumenda in. Qui reiciendis enim et fuga.\nQuia alias animi et occaecati deleniti sed praesentium at. Et commodi recusandae dolorum harum tenetur provident corporis. Vero dolores facere adipisci est ipsa. Rerum ducimus ab odio est dolore eius ea perferendis.','1981-06-28 20:41:20','2001-08-06 07:32:51'),(78,78,'Et ipsa sit consequuntur nulla qui blanditiis odit. Veritatis saepe minima et architecto. Ipsam voluptatibus itaque laudantium saepe fuga iure est.\nCupiditate eaque qui similique et. Voluptas natus ipsa nemo repellat consequatur distinctio. Et porro eos odit ut numquam quis. Alias quis sit quisquam optio voluptas consequatur ab et.\nQuam in aut optio. Et est nisi recusandae aperiam temporibus asperiores id. Porro pariatur eos explicabo quos maxime.','2019-12-24 09:22:22','2009-11-17 13:44:05'),(79,79,'Iste atque sint vero aut rerum quisquam minus aut. Tempora et deleniti ea voluptas. Atque omnis nihil aut in. Provident minus ut voluptatum dignissimos.\nNisi maiores itaque dolores laboriosam modi repudiandae cum. Atque dignissimos ipsa non esse velit. Quis ad aliquid at omnis enim atque placeat nostrum. Quaerat voluptatem consequatur aliquid magnam quo impedit aliquid doloremque.','2000-09-03 02:05:29','1990-08-03 18:42:57'),(80,80,'Deserunt totam doloribus odio qui et ratione officia dolor. Sit praesentium quos quasi saepe possimus. Aperiam reprehenderit dolorum neque aut aut.\nA doloribus sunt eos nam soluta consequuntur. Delectus aliquam id voluptates enim. Aspernatur dignissimos aut et est quia. Ex voluptas exercitationem cumque sint. Aperiam rerum in sapiente aut.\nQuam temporibus pariatur quia odit. Explicabo aspernatur praesentium debitis nihil. Nihil voluptatem nostrum est quia distinctio quam vero.','2004-07-29 22:52:23','2000-09-25 22:03:10'),(81,81,'Esse sit et aut et molestias commodi dolore. Aut quisquam ut et adipisci earum ullam. Rerum maiores saepe ut nostrum natus ab consequatur. Laborum ex debitis omnis et.\nArchitecto voluptatibus amet ut dolorem. Et nisi qui iure officia iure officiis. Consequatur voluptatem veniam aliquam aut delectus magnam id aut. Ut ipsa quidem necessitatibus non similique culpa excepturi.','1993-04-26 22:52:35','1992-04-27 17:39:19'),(82,82,'Omnis id molestiae doloremque. Necessitatibus voluptas perspiciatis commodi provident eum vero sequi laudantium. Eveniet distinctio consequatur ea rem esse ex explicabo est.\nQuo illo ea vel deleniti cumque eius similique. Est placeat quia veniam. Facere libero at natus voluptatum voluptatum.\nVoluptatem dolore aspernatur sit rem cupiditate aut nesciunt. Aut est alias ipsam hic dolores aut. Commodi fugit aut provident sed.','2013-09-18 17:37:57','2000-07-11 06:57:49'),(83,83,'Autem corporis suscipit eaque quisquam. Ut quia facilis quia ea quam.\nVoluptatem quaerat ut est quia eos. Expedita non ut enim labore sapiente.\nBlanditiis velit impedit ut odio. Non quasi perferendis doloribus. Odio quia exercitationem libero non. Deserunt quia aliquam voluptates. Amet explicabo explicabo cumque eius qui sed necessitatibus.','1998-04-09 14:13:08','1997-10-11 06:03:40'),(84,84,'Officia placeat aut praesentium deleniti beatae rerum tempore. Error excepturi eos ad vel voluptatibus labore. Consequatur recusandae autem quibusdam quos repudiandae libero.\nMolestiae quibusdam dolores labore eos. Unde temporibus eligendi enim optio adipisci. Est consequatur ipsam autem vero soluta corporis. Maiores hic rerum earum harum inventore laborum necessitatibus.\nEa soluta asperiores itaque aliquid eum in assumenda. Omnis praesentium ratione necessitatibus cupiditate.','2014-05-04 18:30:43','1997-03-16 19:04:23'),(85,85,'Nam ipsum omnis aut et facere. Incidunt et earum quam id quam. Dolore consequatur in voluptatem aspernatur.\nQuia iste minus odio sunt. Atque velit dolorum cum tempora voluptatum dolore. Porro laborum est doloribus debitis impedit. Eius ut iure sit illum sed quos.\nAnimi dolorem cum facilis doloremque corrupti deleniti. Consequatur praesentium est nihil. Et sunt sed quis et earum cumque iste. Delectus similique perspiciatis natus est doloribus non similique.','1980-11-24 23:54:55','1985-09-24 15:39:10'),(86,86,'Fugiat maiores maiores occaecati odio est non vitae. Iure et illo unde repudiandae. Ipsa voluptas aut ab saepe laboriosam amet omnis.\nNulla quis magnam a dolorem eaque incidunt voluptas omnis. Odit quod cum incidunt ut. Perferendis voluptatibus aut ullam quam.\nQui enim rem unde et. Odit quae ut dolorem fuga est sapiente quisquam quo. Harum tempora itaque accusantium quis.','2003-06-30 12:41:31','1976-12-17 21:35:51'),(87,87,'Pariatur est et ut assumenda ea. Quia repudiandae nulla hic. Omnis qui et et amet quos praesentium.\nEst dolor molestias velit ab assumenda et. Omnis blanditiis inventore corporis nihil aut in. Ut saepe impedit vel debitis distinctio consequatur. Sit delectus eaque autem aut.\nMollitia enim doloribus ducimus minus. Odit reprehenderit quisquam delectus. Explicabo tempore labore vero ut quas.','1972-08-12 12:12:25','2012-02-19 23:26:30'),(88,88,'Vitae sapiente quasi rerum sequi rerum. Aut neque velit dolorum aperiam omnis eum. Harum voluptatibus ab illo excepturi. Quo possimus temporibus molestiae saepe ut est aut.\nVitae esse aut iste nihil. Sunt enim eveniet sint impedit id quia. Dolorem occaecati enim repudiandae sed autem. Tenetur voluptate non architecto rem id accusamus.\nId iste sit deleniti velit architecto sint nostrum. A dolorum minus quod in. Officiis quia aut esse.','1984-04-19 01:46:51','2001-07-06 03:29:39'),(89,89,'Doloremque eaque nam dignissimos deleniti. Distinctio esse labore eum consequuntur accusamus fugit.\nEst eius consequatur hic ipsum. Perferendis aut qui soluta sint facere ut ratione. Reprehenderit molestiae ea rerum nesciunt.\nEst id at et. Facilis mollitia est aperiam cupiditate. Quaerat mollitia et id voluptates fugiat adipisci.\nAspernatur aut unde impedit hic libero dolores. Quibusdam et quia voluptatem repellendus. Alias sit repellendus nihil voluptas aliquam.','2019-01-07 20:49:02','2001-07-27 04:10:42'),(90,90,'Est ut iure qui veniam et repellat. Repellat alias consequuntur est possimus blanditiis. Laudantium reprehenderit consectetur autem hic et.\nBlanditiis voluptatem iure pariatur eum saepe pariatur est. Sed minima nihil labore ea ab quia eaque. Cumque error maxime eum quo. Earum est veritatis saepe.\nAmet quos consectetur eum asperiores fugiat magni veritatis aspernatur. Velit et quo ullam. Deleniti explicabo quo est explicabo numquam voluptatem.','1984-10-22 20:36:28','1971-09-05 11:52:43'),(91,91,'Non fugit eligendi consequatur et sed ad. Ad sunt delectus voluptatem labore ut. Quibusdam ut eos sunt autem et non. Commodi voluptatibus magnam necessitatibus in ut et.\nLaudantium impedit ullam dignissimos aut. Eum soluta quibusdam ut natus dignissimos ut. Doloribus ut doloremque dignissimos nam mollitia nemo. Hic et possimus vel.\nQuod quidem aliquid delectus ipsa enim id amet. Laboriosam voluptate a voluptatem id. Sit ipsa ratione deserunt aut.','1976-05-14 05:51:03','1992-05-10 17:17:19'),(92,92,'Omnis dolorum sint corrupti dolores quia. Facilis vitae voluptatum optio perspiciatis. Ipsa assumenda doloremque alias quia error ullam laborum.\nNon odio ut reprehenderit architecto veniam eveniet. Eos eaque officia omnis vel culpa dolorem praesentium dolorem. Aut qui mollitia quas et est. Occaecati qui dolore quo et perferendis quas et. Omnis et velit occaecati rerum libero voluptatem placeat.','1977-10-23 04:07:02','2019-06-17 05:20:44'),(93,93,'Accusamus qui nam facilis aperiam. Soluta minus dolorem similique reiciendis consequuntur et iste. Nobis officia illum ipsam qui dolorum quam odit est. Consequatur ea adipisci eaque eligendi beatae incidunt beatae.\nUllam quaerat rem doloremque voluptas nihil. Cumque reiciendis distinctio distinctio. Est nihil nihil omnis explicabo qui non ab.\nCumque voluptas enim ipsum officiis sit repellendus. Excepturi suscipit dolore et quo qui.','1973-11-20 17:45:09','2017-08-18 10:21:38'),(94,94,'Consectetur laborum ut nulla et est quos voluptatibus. Inventore pariatur molestiae qui nisi fugit. Dicta aut nemo nobis non quaerat hic. Et recusandae iste sed voluptatem aliquam.\nDelectus velit esse praesentium sint unde recusandae mollitia. Facilis nesciunt quidem id. Iste quis asperiores at porro qui eum. Qui nam nihil soluta. Excepturi vero libero perferendis ea non in.\nEt omnis rem nisi sed officiis aut. Saepe eos facilis ut sed ea eveniet ipsam. Quae sit ea nihil reiciendis aut autem.','1992-05-05 03:11:40','1983-04-26 21:49:46'),(95,95,'Sed eum quas ea. Velit enim harum accusamus ad laboriosam nostrum ut. Nemo quia explicabo consectetur voluptatibus deleniti repellendus possimus.\nAut asperiores qui vel aliquid aut eum. Odit nam qui nobis ullam omnis facere modi. Consequatur autem aliquid ut vero.','2017-09-21 11:20:42','1986-06-25 22:58:49'),(96,96,'Quod ducimus ut iusto velit. Est expedita necessitatibus blanditiis nemo voluptatem quasi commodi. Nulla facilis voluptas eius molestiae odit ipsum. Nesciunt molestiae et voluptatem quos blanditiis.\nFugiat fugiat molestiae quisquam et numquam quod delectus. Pariatur consequatur et et temporibus voluptatem. Esse neque voluptas quis eos tenetur.','1976-07-14 23:48:13','1992-08-24 08:21:42'),(97,97,'Architecto hic deserunt id adipisci. Inventore corporis quae pariatur qui. Dolor aut amet odio sed porro. Sit earum ducimus eum a.\nIn fugiat necessitatibus sed dolor optio iusto fugiat ipsa. Fuga magnam fugiat fugit voluptatem est. Debitis enim animi maxime facilis nihil voluptatem ex. Quam reiciendis et eligendi optio.\nTotam saepe ipsum excepturi aut porro sunt tenetur sit. Dolorum quo maxime qui deleniti laboriosam voluptatem nulla. Tempora in esse cupiditate quas fugit ea.','1985-02-27 21:56:33','1973-01-29 12:38:51'),(98,98,'Et non voluptatem qui commodi nihil. Doloremque velit eos similique quia est harum. Delectus atque praesentium a necessitatibus porro. Suscipit magnam ipsam nihil eius ad labore.\nLaborum ullam ut eius. Nulla quis tempore consequuntur magnam ex. Et sapiente accusamus earum autem quis iure quia. Ratione quaerat molestias nihil sed.','2003-01-24 15:35:58','2020-08-01 13:55:09'),(99,99,'Eos non aut nostrum dolorem cupiditate. Quas molestiae voluptatem voluptatibus tempora. Quasi et rerum aut labore. Aut velit alias mollitia et ullam architecto.\nMolestias et suscipit iure corrupti ab architecto illum. Labore voluptas et explicabo distinctio repellat labore quo. Non aspernatur veniam sunt omnis temporibus ut.\nOmnis consequatur architecto vel assumenda vel odit ullam. Magni incidunt reiciendis incidunt consequatur libero quasi reprehenderit veritatis. Atque totam error sequi.','2001-06-26 01:08:30','1976-04-21 00:01:18'),(100,100,'Sint explicabo ut reprehenderit est. Voluptas vero modi autem ad animi voluptatibus culpa. Quam enim sit autem rem maxime consequatur nesciunt. Nobis qui illum assumenda odit consequatur. Qui autem blanditiis illo eum.\nAsperiores unde voluptas fugit odio. Deserunt aut quibusdam in fuga numquam voluptates esse.\nUt ut nesciunt eaque dolor voluptates culpa laudantium. Eveniet perspiciatis suscipit quia nemo corporis voluptatem autem. Aut blanditiis accusamus sit facilis ut at.','1985-11-19 00:38:11','1973-03-28 00:35:27');
/*!40000 ALTER TABLE `posts` ENABLE KEYS */;
UNLOCK TABLES;

--
-- Table structure for table `posts_response`
--

DROP TABLE IF EXISTS `posts_response`;
/*!40101 SET @saved_cs_client     = @@character_set_client */;
/*!50503 SET character_set_client = utf8mb4 */;
CREATE TABLE `posts_response` (
  `response_post_id_to` bigint unsigned NOT NULL,
  `response_user_id_from` bigint unsigned NOT NULL,
  `response_type_id` bigint unsigned NOT NULL,
  PRIMARY KEY (`response_post_id_to`,`response_user_id_from`),
  KEY `response_user_id_from` (`response_user_id_from`),
  KEY `response_type_id` (`response_type_id`),
  CONSTRAINT `posts_response_ibfk_1` FOREIGN KEY (`response_post_id_to`) REFERENCES `posts` (`id`),
  CONSTRAINT `posts_response_ibfk_2` FOREIGN KEY (`response_user_id_from`) REFERENCES `users` (`id`),
  CONSTRAINT `posts_response_ibfk_3` FOREIGN KEY (`response_type_id`) REFERENCES `response_types` (`id`)
) ENGINE=InnoDB DEFAULT CHARSET=utf8mb4 COLLATE=utf8mb4_0900_ai_ci;
/*!40101 SET character_set_client = @saved_cs_client */;

--
-- Dumping data for table `posts_response`
--

LOCK TABLES `posts_response` WRITE;
/*!40000 ALTER TABLE `posts_response` DISABLE KEYS */;
INSERT INTO `posts_response` VALUES (1,45,1),(8,9,1),(8,72,1),(22,80,1),(39,84,1),(42,78,1),(49,9,1),(59,29,1),(60,86,1),(70,14,1),(76,21,1),(76,40,1),(97,100,1),(98,49,1),(11,60,2),(19,44,2),(21,23,2),(27,90,2),(28,99,2),(33,23,2),(38,24,2),(47,37,2),(61,86,2),(63,5,2),(64,6,2),(75,51,2),(91,30,2),(92,40,2),(5,32,3),(31,28,3),(34,18,3),(41,5,3),(41,54,3),(56,30,3),(65,3,3),(65,55,3),(69,70,3),(100,7,3),(9,65,4),(14,25,4),(23,52,4),(29,86,4),(34,71,4),(41,28,4),(45,15,4),(51,50,4),(58,94,4),(61,96,4),(72,66,4),(74,85,4),(80,12,4),(84,83,4),(86,44,4),(9,33,5),(10,20,5),(14,34,5),(31,33,5),(38,86,5),(39,46,5),(46,93,5),(64,46,5),(80,20,5),(86,97,5),(95,49,5),(96,9,5),(3,61,6),(12,68,6),(20,76,6),(37,54,6),(39,83,6),(41,59,6),(42,55,6),(48,39,6),(65,37,6),(85,94,6),(86,49,6),(90,88,6),(95,69,6),(98,58,6),(98,70,6),(99,49,6),(99,92,6),(4,35,7),(8,27,7),(10,89,7),(16,12,7),(17,18,7),(17,65,7),(18,37,7),(19,32,7),(33,78,7),(36,72,7),(48,29,7),(60,10,7),(81,14,7),(85,32,7),(87,25,7),(92,43,7),(93,85,7),(99,94,7);
/*!40000 ALTER TABLE `posts_response` ENABLE KEYS */;
UNLOCK TABLES;

--
-- Table structure for table `response_types`
--

DROP TABLE IF EXISTS `response_types`;
/*!40101 SET @saved_cs_client     = @@character_set_client */;
/*!50503 SET character_set_client = utf8mb4 */;
CREATE TABLE `response_types` (
  `id` bigint unsigned NOT NULL AUTO_INCREMENT,
  `response_name` varchar(200) NOT NULL,
  `description` text,
  `response_icon_filename` varchar(200) NOT NULL,
  PRIMARY KEY (`id`),
  UNIQUE KEY `id` (`id`)
) ENGINE=InnoDB AUTO_INCREMENT=8 DEFAULT CHARSET=utf8mb4 COLLATE=utf8mb4_0900_ai_ci;
/*!40101 SET character_set_client = @saved_cs_client */;

--
-- Dumping data for table `response_types`
--

LOCK TABLES `response_types` WRITE;
/*!40000 ALTER TABLE `response_types` DISABLE KEYS */;
INSERT INTO `response_types` VALUES (1,'like','','http://www.moore.com/'),(2,'surprised','','http://marks.com/'),(3,'funny','','http://hettinger.com/'),(4,'delighted','','http://kuphal.biz/'),(5,'angry','','http://www.fadelmayert.biz/'),(6,'no_response','','http://www.mitchell.com/'),(7,'unlike',' ','http://klocko.com/');
/*!40000 ALTER TABLE `response_types` ENABLE KEYS */;
UNLOCK TABLES;

--
-- Table structure for table `users`
--

DROP TABLE IF EXISTS `users`;
/*!40101 SET @saved_cs_client     = @@character_set_client */;
/*!50503 SET character_set_client = utf8mb4 */;
CREATE TABLE `users` (
  `id` bigint unsigned NOT NULL AUTO_INCREMENT,
  `firstname` varchar(50) NOT NULL,
  `lastname` varchar(50) DEFAULT NULL COMMENT ' ',
  `email` varchar(120) DEFAULT NULL,
  `phone` varchar(20) DEFAULT NULL,
  `birthday` date DEFAULT NULL,
  `hometown` varchar(100) DEFAULT NULL,
  `gender` char(1) DEFAULT NULL,
  `photo_id` bigint unsigned DEFAULT NULL,
  `create_at` datetime DEFAULT CURRENT_TIMESTAMP,
  `pass` char(40) DEFAULT NULL,
  PRIMARY KEY (`id`),
  UNIQUE KEY `id` (`id`),
  UNIQUE KEY `email` (`email`),
  UNIQUE KEY `phone` (`phone`),
  KEY `phone_2` (`phone`),
  KEY `users_firstname_lastname_idx` (`firstname`,`lastname`)
) ENGINE=InnoDB AUTO_INCREMENT=101 DEFAULT CHARSET=utf8mb4 COLLATE=utf8mb4_0900_ai_ci;
/*!40101 SET character_set_client = @saved_cs_client */;

--
-- Dumping data for table `users`
--

LOCK TABLES `users` WRITE;
/*!40000 ALTER TABLE `users` DISABLE KEYS */;
INSERT INTO `users` VALUES (1,'Valentina','Ortiz','beaulah.carroll@example.net','836.575.7698x316','2014-11-03','North Howellside','m',5,'1990-09-02 08:46:13','d83939f14759f4065f25b3945e7c94f8b0fee610'),(2,'Carter','Barton','wolff.hassan@example.com','09814400995','2008-02-21','Lake Randallmouth','f',1,'1971-08-30 11:50:53','ff423b3c9db3bcb4dcba94192e12bcff66c2873e'),(3,'Lavinia','Barrows','toy89@example.com','1-947-128-3903','1989-06-22','Port Joyce','f',7,'1970-05-22 22:56:33','e39d818f38880e90874488e16ddb1e41d854b3fc'),(4,'Nakia','Quigley','abel79@example.com','671.875.4403x196','2018-06-05','Port Bill','m',9,'2013-07-18 04:02:44','ae1a909f2f99651f72f9ca1ba42502d51231fe9e'),(5,'Kathleen','Purdy','tanya.kutch@example.com','889.389.4099x9945','1990-04-12','Woodrowfort','f',0,'2012-10-14 00:07:24','68155711e1bab753de9c36d48e80c6931132e115'),(6,'Rafaela','Frami','hemmerich@example.net','518-068-1883x52136','1998-06-02','Dereckmouth','m',9,'2011-10-31 08:31:17','345a374f98a1b6b9382da98cb81908db4532cafa'),(7,'Omari','Gibson','fadel.ernestine@example.net','00559848919','1991-09-05','Luzberg','f',2,'2009-11-16 10:01:11','08fe10ceb1e35ff6b25efde7fb8141d26cae599c'),(8,'Joesph','O\'Reilly','rosanna20@example.com','(255)081-4545x310','2011-12-25','Lake Ricardoton','m',9,'1976-02-05 16:40:51','8d20ad79d6ff74af0a6619d0d482c333af76a03d'),(9,'Reed','Wintheiser','brayan00@example.org','044.079.9698x500','2019-06-26','South Norahaven','m',4,'2015-09-01 03:36:53','12951cefad1318a5583d2bc660342ad33f7def9c'),(10,'Meggie','Osinski','ysteuber@example.org','905-585-5707','1982-01-01','New Angelina','f',5,'1986-06-18 01:25:15','33c776c14fe9125964a8638ee9a804bbac27df6f'),(11,'Torey','Franecki','bennett09@example.net','(579)486-0136x61130','1999-07-21','Kuhlmanshire','f',7,'1972-05-11 17:11:32','a27d75cea9d60acf249128375564a48e8516abbd'),(12,'Tomas','Boehm','trey26@example.com','(731)773-6838','1985-02-04','Hildabury','f',6,'2004-11-19 13:15:52','ee5fc4bb8b10576d610b16c7eee6ec5f3ec4ca9c'),(13,'Laron','Barton','corkery.arielle@example.net','(792)444-2983','1975-11-21','Port Vivienne','f',9,'2002-08-26 18:02:13','a11be16492a70459648d20befe126a8eae609ba0'),(14,'Megane','Stiedemann','ethyl.hansen@example.org','00814837562','1980-12-16','Isaiasside','f',6,'2018-04-26 01:38:53','edebb703f5a8c4118144a1f48a6712ddf04aab4c'),(15,'Kenna','Durgan','bruen.hermina@example.com','1-434-500-0338x410','1995-07-19','North Kaley','m',4,'1984-06-18 07:52:00','f94c2fec1e79c62909e1a372cc2493b7b8b610fe'),(16,'Leanna','Witting','beier.hardy@example.net','1-516-107-6975x811','2014-03-29','Enaland','f',5,'2008-05-03 19:17:23','2c5823142c4da6ff765dc0c22bce786f59f6efab'),(17,'Sylvia','Jones','tobin.cummings@example.org','02395626984','2014-04-20','Hassiebury','f',5,'2011-02-08 16:25:57','87f580f795dad10ae6731cf4a8fe13423983231d'),(18,'Garth','Prohaska','avery.corwin@example.org','1-097-411-6652x18990','1979-12-29','Tryciaton','m',2,'2007-11-24 05:55:18','7a1b67b48c21bdb259f9d837aeffdbca2355deaa'),(19,'Oma','Crooks','pbauch@example.net','734.576.7351','1999-09-07','South Jack','f',2,'2009-09-03 07:12:09','3511eac63fc80a77c46db773bdb6263203816a04'),(20,'Alia','Block','cierra.klocko@example.net','1-257-003-2755x889','2010-12-06','Schmittchester','m',6,'2003-06-27 06:56:50','dfbb038823676479126ca5be05de695588564757'),(21,'Jeffery','Cronin','jordon21@example.net','176.722.4735x21036','2018-05-09','East Blancatown','m',2,'2015-10-21 08:37:28','1040621d1fe5a88aa0c8dc0c0167d1de5f3e10b5'),(22,'Carley','Quigley','rowe.lulu@example.net','1-839-057-6047','1976-02-03','Torpberg','f',5,'1992-10-28 23:31:55','45c478d63946eeb0a636c1f1c275e1f4e07528eb'),(23,'Kaya','Schumm','evelyn.carter@example.net','377-123-7995','1984-03-16','Port Noelia','m',4,'2009-05-31 06:33:07','6566ce8975fbcb59a26980bfe41a8f854232aceb'),(24,'Mary','Stroman','dkuvalis@example.net','227-492-9793','2012-07-20','Lake Leonardo','f',6,'2019-10-07 15:08:03','82bfa187c083b80e23a9f5045a7dffde7ad6fb66'),(25,'Heather','Roberts','august.schultz@example.com','(471)478-1566','2010-11-02','Lake Averyfurt','m',3,'1996-03-05 05:48:41','b2e634834dc1f5d12b349e0d04e161b6b544a951'),(26,'Callie','Little','baylee00@example.org','694.483.2280x71818','2007-05-01','West Dagmar','f',5,'1972-10-06 22:06:17','b75d1332ce3d2dd23f13e99b6e3b58d6e8459ae5'),(27,'Kristina','Beahan','jevon98@example.org','865-627-3810x19802','1992-12-10','Macejkovicmouth','m',8,'1994-02-05 12:19:07','19269a41aaddbe6a23e571f42150136b8b7d7561'),(28,'Michaela','Walter','amurray@example.net','046.195.6522','2019-02-23','New Jarvisbury','f',2,'2018-05-05 18:57:52','8f042d0d1e8e420ed40cadf717af99ad5cb88f47'),(29,'Florine','Turcotte','gudrun83@example.com','309.010.4537','2013-12-25','Paucekberg','m',3,'2019-12-22 22:15:43','7008d5db47f9559d90ca6970f9aecda994f675f4'),(30,'Hassie','Zemlak','kassandra.mante@example.com','1-012-497-2275x4960','1971-04-18','Lake Zena','f',4,'1982-08-05 04:39:02','bd689b4b3dc387e97544513e92a190a67a746aff'),(31,'Stephan','Stanton','grant.milo@example.com','267.177.4132x195','2011-05-13','Lake Laurelville','m',6,'1972-05-24 06:12:25','4b435c2ff7143491c8fc5c9b5eed085559a3ef6c'),(32,'Carlo','Torp','ndicki@example.com','116.724.6146x623','1970-08-01','North Mac','m',6,'2001-03-01 09:26:42','d5273faf04e564aaef5e2f405cd94e11f613d507'),(33,'Vada','Rogahn','langworth.cora@example.net','425-341-5928x82203','1996-10-25','North Kaleb','m',6,'2004-04-02 04:21:55','f542e7d6423b82815f7b92c4201d06825460328d'),(34,'Kenny','Hilll','jarvis.zulauf@example.org','05213491404','1979-10-23','New Domenick','f',8,'1973-07-17 16:48:47','7b1fab165adca23f2cb3dd84027d7a4cecda8517'),(35,'Gordon','Medhurst','pfisher@example.com','253-791-4794','2015-08-12','Port Eldridgeborough','m',0,'1982-01-30 10:20:10','16355342ec52f8fd27c08736b7684b98faea385f'),(36,'Meaghan','Renner','rernser@example.net','564.233.3507','1996-01-22','Haagton','f',2,'2019-06-15 20:45:50','8bf59078350684182ac2a705064ce39e39caea97'),(37,'Laury','Swaniawski','kaleigh73@example.com','296-582-0126x10798','1990-10-07','Lake Forrestland','m',3,'1991-07-13 02:24:25','9b2a2caca1ad0f89d0e7339c9625197aa991f9a6'),(38,'Mohammad','Beatty','franecki.chelsey@example.com','04490835227','1976-03-11','South Courtneyhaven','m',1,'1976-02-29 17:40:38','efc58fb3feae0137e78838a3a55b90789ab1e4c4'),(39,'Jadyn','Lueilwitz','dubuque.laney@example.com','1-697-128-5583x585','1996-05-13','Elissamouth','f',0,'1979-08-24 08:07:00','4221f56850f7a74f56d6151edf31dc9ec95b2b07'),(40,'Nakia','Fay','letitia87@example.org','830-756-6560x9524','1978-11-29','New Ronnyland','m',9,'1978-12-22 01:16:21','78a3959b829531d8c8c582919ac67bafab49c368'),(41,'Ottis','Harris','reynold67@example.net','03154764667','2015-09-30','Lake Kameronmouth','m',1,'2007-07-10 16:24:36','fce70fd784ce942379d5c180c2a5f2b177a63a90'),(42,'Misty','Connelly','mueller.karson@example.net','1-724-591-9648x092','1997-07-26','Kerlukeside','f',4,'1985-07-15 14:21:09','c40c883dc5cf50dfaea8280f97e1323b8f4e38f2'),(43,'Ibrahim','Schmeler','dixie.mann@example.com','(243)245-5266x1695','2006-09-20','South Myaborough','m',1,'2019-05-23 09:24:36','49af202950161a55d45965a42a3fbc607e822e32'),(44,'Adeline','Bradtke','schroeder.carley@example.org','846.974.1004','1990-12-11','Zoramouth','m',5,'1979-01-20 10:20:22','cbd2cd732d9f040e69216c100cb7b755260d9823'),(45,'Ramona','Weissnat','htromp@example.org','(802)126-4014','2011-08-25','Noraport','f',4,'1979-09-14 11:48:04','9a42d592e40d64c0cb141e9d567524dd2a734036'),(46,'Eula','Howell','mrutherford@example.com','+41(8)8874286755','1973-09-11','Shawnaberg','f',0,'1981-04-25 05:28:14','607189a41d574addfe29689a9ec06ee0ae00c640'),(47,'Ronny','Sipes','huels.ellie@example.com','406-704-1417x870','2000-12-22','Hudsonside','m',7,'1983-10-15 18:49:19','826e1054772002ac812937619261878bb9e2cd35'),(48,'Jamal','Beer','golda.green@example.net','653-343-8231','1978-09-03','Daughertyfurt','m',9,'2003-07-11 23:29:07','9e07ee5eed80ab5a1df32b23686da023a24d96a1'),(49,'Stewart','Haley','kessler.madisyn@example.com','331.060.8779x66949','2001-09-19','New Cecilemouth','m',7,'1988-01-28 05:01:00','588b3bcc747f32d535aee825527cc6041def8ac5'),(50,'Russel','Cartwright','jbergstrom@example.net','796-813-5075','1973-03-05','South Hollie','m',9,'2014-04-01 09:20:21','9c10d61e855cf8ccc9a44c013b89bd4569b69731'),(51,'Ernie','Dickens','conner67@example.org','1-975-603-8292x136','1998-05-09','West Cheyanne','f',6,'1982-05-20 01:53:32','5b90e2ba51f4502deb28dfb048539574448ebb15'),(52,'Gladys','Blick','leuschke.earnest@example.com','1-368-865-2939x535','1994-07-04','Okunevamouth','f',0,'2013-07-26 14:36:15','c8260b67b46892601e5ddb029f64bfa10488b5f7'),(53,'Estevan','Cartwright','romaguera.natalia@example.net','(284)648-2105','2011-03-23','Kihnville','f',7,'2006-06-27 12:11:22','784286de794a07fd5214c5507153a5410dc59b1e'),(54,'Brandyn','Russel','mason.kulas@example.org','836.197.4736x939','1975-02-27','Dareville','f',7,'2014-12-15 18:11:54','3627346b74a27b46350028ad7e17b8ea90cc009f'),(55,'Devan','Towne','bailey.rubie@example.org','1-507-080-9467x644','1977-05-26','Dakotashire','m',8,'2020-06-19 08:44:40','30bb0b9756d90b6a159c70bdaa083cafbc702533'),(56,'Gretchen','Kuhic','blanca92@example.net','1-524-134-5791x1075','1976-10-15','Barrymouth','f',7,'1984-11-02 13:51:41','4a08038f8d28a79e69b9c6df40c1e76be8a24f7a'),(57,'Jaycee','Oberbrunner','annie24@example.org','281.116.7978','2015-08-02','Port Anna','m',6,'1984-03-17 17:46:35','66681334653fa4cacc45000aac806e62d8b47398'),(58,'Rafael','Stark','roberto.kub@example.org','1-784-465-6182','1987-09-05','East Alice','m',9,'2020-10-23 08:26:09','f504e9711819350bebbf88e2bbee9f9031dc6cb7'),(59,'Robbie','Rice','gislason.ulises@example.org','(229)758-2529x23723','2010-02-26','New Ronshire','f',3,'2011-12-01 04:57:02','72fd7ac573ebc31eda98bc4bed17cafbf4e65e2d'),(60,'Dimitri','Ward','hdurgan@example.net','+53(0)2463518671','1976-10-11','Izaiahfurt','m',3,'2008-08-22 03:03:12','ba8d9c0ee18c8eb40f686e7234fd529677d24c36'),(61,'Wellington','O\'Connell','arolfson@example.com','1-938-665-5531','1984-06-13','Bartontown','f',8,'1981-07-19 18:46:20','2ff4104676a24aa57940fdeda0cd5480a4806257'),(62,'Shanelle','Streich','blake85@example.com','(445)101-0770','1985-06-09','Wisozkburgh','m',9,'1981-04-26 20:07:18','9a59c988e02a9b4067dbdaf1e7a86822ea9caf96'),(63,'Marion','Bailey','omer74@example.net','+39(6)6016106560','2020-11-15','Port Vladimirshire','m',0,'2013-12-17 12:05:19','f7057e6017c48e159d2604772112366df5564ec6'),(64,'Wilfrid','Fisher','beier.viola@example.com','(586)912-2452','2005-06-21','Ritchieland','f',3,'1976-03-26 10:49:50','146e45a8b18f632cac7b1b7a02ec50e213639c54'),(65,'Daren','Gutkowski','jturner@example.com','574.471.6458x4592','1992-04-06','Port Cathymouth','m',1,'1993-10-03 00:55:18','1a9ef554514ae9f80e31a0c8f1d0990cd381a4e9'),(66,'Yasmeen','Gerhold','else.kertzmann@example.net','1-393-061-6960','2012-01-25','Port Jaunitachester','f',1,'2019-11-01 10:15:19','fd02e1e1110012ed7f565db250f3bd2f5a0a583b'),(67,'Larue','Will','dixie36@example.org','09042252983','1997-01-22','Schulistland','f',8,'1991-02-23 16:12:44','fd952ae8adc93976afadfb213d9135465459b44a'),(68,'Leonie','Fahey','ian.cole@example.net','(551)711-5995','1985-06-11','North Chris','f',2,'1994-08-25 19:39:42','561d284e0cf91ac948331da766e85d3092812f06'),(69,'Damien','Schulist','qorn@example.net','(052)702-2446x4463','2018-07-19','Rueckerborough','f',2,'1984-02-20 07:32:31','f1ce2f56141f5cb47b367fb6358e5ee70bfb653f'),(70,'Alverta','Quitzon','wiegand.lionel@example.com','1-001-647-2412x4964','1984-06-17','New Celine','f',1,'1996-12-01 10:06:40','ea72404cb552ea79ed70314c6b037a82282873cb'),(71,'Freeda','Daniel','tstoltenberg@example.net','04736162292','1975-08-26','Port Orpha','m',4,'1992-11-05 14:24:40','6ab2b199de4899f7aeda107e3c6c09613ca8ed9b'),(72,'Vernon','Renner','zstark@example.net','669.067.1128','2003-05-02','New Wardstad','f',3,'2007-03-16 02:01:38','3cb0596083c80409d3f5c8770cf166659ba47969'),(73,'Leonie','Wisozk','bernita.mann@example.org','1-015-813-2556','1974-02-28','East Mikayla','f',1,'1978-04-21 21:55:04','46567ab07aa285c7bfcf1d750b62a3fdb0a45b57'),(74,'Johann','Wunsch','monserrat.littel@example.net','633-795-9317','2007-04-03','North Ryan','m',9,'1985-11-11 14:20:22','eebd4fbc4d11bbf72b24310efe87ec29f0a88e8f'),(75,'Pattie','Langosh','zleffler@example.net','(294)233-2259','1999-04-25','East Angelaland','f',5,'1987-05-15 19:35:28','5af40c25773b25a51217bc3928858a193142573d'),(76,'Abby','Blanda','carmen52@example.com','315.323.2472x271','1980-04-17','Port Karinaville','m',8,'1979-06-15 08:15:23','2306b891b0714fb130157e4d940b5c3932903ed6'),(77,'Mallie','Stokes','leanne07@example.org','(236)284-4261x3124','1983-03-18','New Melodyport','f',1,'1974-07-02 02:46:36','b1183980e8880e3f2dd640b98044a59e3a13c6fc'),(78,'Roxanne','Johns','benny.rowe@example.net','1-324-744-5804x9994','1994-11-11','Rupertville','f',0,'1974-10-29 10:36:08','708330bd0c5128be84f5e12501474fec25b79c44'),(79,'Emile','D\'Amore','ashley77@example.org','08468936290','2015-01-26','Traceymouth','m',6,'2019-02-08 02:39:58','5a8bf72eaae630c176b07db44935decb45d1d367'),(80,'Orin','Cremin','king.melisa@example.org','(984)747-0168','1970-08-29','Bradtkechester','f',9,'2016-12-20 21:38:25','0d8a77f357807c050681ea578d58c89cc0ccb99d'),(81,'Timothy','Brekke','howe.art@example.org','400.252.7316','1995-03-27','Kelvinburgh','f',2,'1979-08-04 16:59:21','6623b6a236b845c38a2909f0d50ebacf9e0d3a47'),(82,'Zoila','Larson','ldicki@example.com','649-805-7512','2003-05-26','Jacquelynmouth','m',4,'2004-02-22 11:35:55','c3eaf4be85019bd9868ef9849df0383075ac55bf'),(83,'Colten','Aufderhar','kellie.armstrong@example.org','907-299-1322x73346','2012-08-18','West Kamryn','m',8,'1986-06-08 09:42:45','3505f9409bef064a156f72664f11393b488401e6'),(84,'Guy','Klein','adelle.koch@example.com','(584)606-9921x38828','1995-03-06','North Maziefort','f',1,'1999-05-20 14:09:11','7e7f3c14fde345179a71e6c79ea298193a15225a'),(85,'Kelly','Wolf','jaskolski.trenton@example.com','(922)142-9118','1984-10-05','North Ian','f',2,'1989-04-11 10:43:06','65448599cc3659ddc5f3c002731652cc9e02e80d'),(86,'Zula','Corkery','mosciski.jamison@example.com','805.668.9515x4079','1986-04-14','North Della','f',3,'1970-08-16 14:42:44','6271918a4ee1bbfa145923ae77a5d76e55283895'),(87,'Valentina','Ward','kohler.willow@example.com','1-631-079-9352x432','2020-01-12','West Cristobal','m',0,'1996-01-14 10:16:01','24487540b8f039a8bb26a38d640a8427196965a4'),(88,'Sigurd','Thiel','jeffrey78@example.net','03020987303','2005-02-24','New Darioside','m',9,'1972-04-23 12:46:17','5ba69fdefd42fc0ea81a9667259ef01261dad69c'),(89,'Isabella','Harris','conn.kacey@example.org','889.241.2381','2010-01-20','Madisenchester','f',4,'1991-05-29 21:56:43','7c8a3ba306c9ef635627bd58aafe8cd6c0b9a569'),(90,'Vicenta','Crist','dudley25@example.net','(358)579-3797x4221','2020-01-29','Nikolasland','f',7,'2015-08-25 14:30:06','a9dc69e969a1aac40494824d2a6ed46568c23a05'),(91,'Trinity','Wyman','gay70@example.net','(990)566-9755','2016-06-09','New Anissa','m',6,'1998-09-13 04:06:38','8332249052c3af9482d76403c2ee59cc8e596b10'),(92,'Zella','Rogahn','ebba.satterfield@example.com','04052943158','2006-05-05','Reeceburgh','m',5,'1989-03-19 19:35:35','6c73b42ad6e96b9c3bffa0ce8556026debb06c83'),(93,'Orpha','West','reichert.claudine@example.org','584.685.0039x0291','1992-02-02','Elvaport','f',1,'2008-07-26 09:08:00','9071d4471973afc4295211c583fcc65ec93372e4'),(94,'Lillian','Jacobs','rkub@example.com','855.508.6098x912','2010-10-17','Port Abrahamland','f',1,'2001-02-20 23:59:35','2b7deca050da9a55520354fdf03fcf44a035425c'),(95,'Valerie','Gerlach','nkihn@example.org','+58(1)5040367653','1999-09-03','West Clarabelle','f',3,'2002-10-03 23:48:56','732d8acdc359d2e0138434bc311eb0563dff64e4'),(96,'Louie','Marvin','emclaughlin@example.com','1-130-802-8962','1991-12-21','Gislasonhaven','f',2,'2003-03-16 16:12:49','2e35b3ebda43d32615ee99442525be145c7b88b5'),(97,'Jaylan','Witting','fchristiansen@example.com','1-538-871-8695x5988','1983-01-08','East Monty','f',4,'2007-05-12 06:27:29','2ea3f84f15fe2b48a786f3ac38bea3de2a9b9b4a'),(98,'Sidney','Ritchie','conn.carmella@example.org','674-867-5436x28962','2005-09-10','Simonechester','f',7,'2012-10-19 21:42:20','01f1385feefc43779efbd28dca53b966ea3ca3f2'),(99,'D\'angelo','Hagenes','daphnee.considine@example.org','1-400-885-2139x2872','1986-04-21','Adolphusside','f',3,'2003-05-20 09:46:38','94f9a246aa738aa01f15855c92dad4804c34e26d'),(100,'Valentine','Beahan','hills.coby@example.com','734.722.7509x3901','1982-02-28','Port Rockyside','m',9,'2006-02-20 14:14:23','805fa947dd4cc318c77daebdbea4b395f85d493d');
/*!40000 ALTER TABLE `users` ENABLE KEYS */;
UNLOCK TABLES;

--
-- Table structure for table `users_communities`
--

DROP TABLE IF EXISTS `users_communities`;
/*!40101 SET @saved_cs_client     = @@character_set_client */;
/*!50503 SET character_set_client = utf8mb4 */;
CREATE TABLE `users_communities` (
  `user_id` bigint unsigned NOT NULL,
  `community_id` bigint unsigned NOT NULL,
  PRIMARY KEY (`user_id`,`community_id`),
  KEY `community_id` (`community_id`),
  CONSTRAINT `users_communities_ibfk_1` FOREIGN KEY (`user_id`) REFERENCES `users` (`id`),
  CONSTRAINT `users_communities_ibfk_2` FOREIGN KEY (`community_id`) REFERENCES `communities` (`id`)
) ENGINE=InnoDB DEFAULT CHARSET=utf8mb4 COLLATE=utf8mb4_0900_ai_ci;
/*!40101 SET character_set_client = @saved_cs_client */;

--
-- Dumping data for table `users_communities`
--

LOCK TABLES `users_communities` WRITE;
/*!40000 ALTER TABLE `users_communities` DISABLE KEYS */;
INSERT INTO `users_communities` VALUES (17,2),(20,2),(5,5),(23,5),(26,5),(30,8),(92,9),(57,12),(87,12),(82,14),(36,16),(67,16),(59,18),(63,18),(91,19),(1,20),(40,20),(97,21),(2,22),(78,22),(46,23),(68,23),(45,24),(30,26),(100,26),(92,27),(44,28),(42,30),(46,31),(52,31),(92,31),(10,32),(73,39),(1,41),(32,41),(60,41),(82,42),(6,44),(8,45),(28,45),(9,46),(40,47),(40,48),(25,50),(99,50),(81,52),(85,52),(40,53),(13,55),(19,55),(70,55),(48,56),(59,56),(51,57),(6,59),(75,59),(27,61),(93,61),(22,62),(44,62),(58,64),(40,65),(57,65),(65,66),(62,69),(70,70),(6,71),(89,71),(49,72),(78,72),(8,73),(39,74),(24,75),(87,75),(26,76),(6,79),(62,80),(10,81),(22,83),(92,83),(46,84),(92,84),(42,85),(60,85),(93,85),(59,86),(82,86),(2,88),(35,88),(2,90),(50,90),(70,90),(4,92),(88,93),(85,95),(41,96),(64,96),(14,97),(4,98);
/*!40000 ALTER TABLE `users_communities` ENABLE KEYS */;
UNLOCK TABLES;

--
-- Table structure for table `users_response`
--

DROP TABLE IF EXISTS `users_response`;
/*!40101 SET @saved_cs_client     = @@character_set_client */;
/*!50503 SET character_set_client = utf8mb4 */;
CREATE TABLE `users_response` (
  `response_user_id_to` bigint unsigned NOT NULL,
  `response_user_id_from` bigint unsigned NOT NULL,
  `response_type_id` bigint unsigned NOT NULL,
  PRIMARY KEY (`response_user_id_to`,`response_user_id_from`),
  KEY `response_user_id_from` (`response_user_id_from`),
  KEY `response_type_id` (`response_type_id`),
  CONSTRAINT `users_response_ibfk_1` FOREIGN KEY (`response_user_id_to`) REFERENCES `users` (`id`),
  CONSTRAINT `users_response_ibfk_2` FOREIGN KEY (`response_user_id_from`) REFERENCES `users` (`id`),
  CONSTRAINT `users_response_ibfk_3` FOREIGN KEY (`response_type_id`) REFERENCES `response_types` (`id`)
) ENGINE=InnoDB DEFAULT CHARSET=utf8mb4 COLLATE=utf8mb4_0900_ai_ci;
/*!40101 SET character_set_client = @saved_cs_client */;

--
-- Dumping data for table `users_response`
--

LOCK TABLES `users_response` WRITE;
/*!40000 ALTER TABLE `users_response` DISABLE KEYS */;
INSERT INTO `users_response` VALUES (6,85,1),(8,55,1),(13,56,1),(16,81,1),(17,13,1),(21,27,1),(31,31,1),(36,32,1),(37,69,1),(49,52,1),(52,92,1),(53,71,1),(67,17,1),(73,21,1),(79,1,1),(89,28,1),(5,32,2),(9,15,2),(20,9,2),(25,3,2),(31,88,2),(40,94,2),(41,83,2),(52,61,2),(56,70,2),(56,84,2),(57,19,2),(59,49,2),(72,53,2),(77,6,2),(83,22,2),(87,21,2),(7,46,3),(17,32,3),(24,79,3),(26,21,3),(55,53,3),(55,99,3),(58,68,3),(67,8,3),(78,7,3),(80,55,3),(81,60,3),(86,75,3),(94,10,3),(98,9,3),(3,47,4),(24,37,4),(44,19,4),(53,39,4),(61,6,4),(70,55,4),(74,91,4),(83,8,4),(89,100,4),(96,86,4),(99,24,4),(100,93,4),(8,67,5),(12,57,5),(16,71,5),(17,62,5),(18,22,5),(18,93,5),(27,100,5),(31,73,5),(36,6,5),(47,48,5),(58,3,5),(59,31,5),(64,26,5),(68,62,5),(88,43,5),(91,38,5),(94,93,5),(8,82,6),(20,28,6),(26,68,6),(32,34,6),(34,6,6),(34,50,6),(39,60,6),(50,89,6),(72,98,6),(75,82,6),(77,27,6),(85,15,6),(93,16,6),(98,18,6),(99,36,6),(100,54,6),(23,31,7),(25,50,7),(35,65,7),(48,25,7),(55,57,7),(59,1,7),(73,1,7),(73,68,7),(87,23,7);
/*!40000 ALTER TABLE `users_response` ENABLE KEYS */;
UNLOCK TABLES;
/*!40103 SET TIME_ZONE=@OLD_TIME_ZONE */;

/*!40101 SET SQL_MODE=@OLD_SQL_MODE */;
/*!40014 SET FOREIGN_KEY_CHECKS=@OLD_FOREIGN_KEY_CHECKS */;
/*!40014 SET UNIQUE_CHECKS=@OLD_UNIQUE_CHECKS */;
/*!40101 SET CHARACTER_SET_CLIENT=@OLD_CHARACTER_SET_CLIENT */;
/*!40101 SET CHARACTER_SET_RESULTS=@OLD_CHARACTER_SET_RESULTS */;
/*!40101 SET COLLATION_CONNECTION=@OLD_COLLATION_CONNECTION */;
/*!40111 SET SQL_NOTES=@OLD_SQL_NOTES */;

-- Dump completed on 2020-11-17 19:45:03
